Extract Date,Status,Task Link,Origin URL,Title,Location,Price,ID,Bedrooms,Bathrooms,Garage,Area util,Area Bruta,Area do terreno,Description,Tipo de imovel,Tipologia,Tipo de Negocio,Estado,Ano de construcao,pais,distrito,concelho,freguesia,zona,certificado energetico,Imagem 1,Imagem 2,Imagem 3,Imagem 4,Imagem 5,Imagem 6,Imagem 7,Imagem 8,Imagem 9,Imagem 10,Imagem 11,Imagem 12,Imagem 13,Imagem 14,Imagem 15,Infos Gerais,Meio Envolvente,Facilidades,Domotica,Energias Renovaveis
2026-01-23 18:42:20,Failed,https://dashboard.browse.ai/workspaces/miguel-pinto/robots/019bebe2-88cd-724f-b5f3-59f9def3c42c/history/019bec28-fcc5-716e-90ea-1ad042c65373,https://www.tophousers.com/pt/imoveis/terreno-rustico_434/,Terreno R√∫stico,"Faro, Olh√£o",35¬†000 ‚Ç¨,TOP 679,Insira o seu email,Insira o seu Nome,Insira o seu email,5120 m¬≤,5120 m¬≤,5120 m¬≤,"Terreno R√∫stico de 5120m¬≤ √† venda em Soalheira, Moncarapacho e Fuseta

Se procura um espa√ßo tranquilo e rodeado pela natureza, este terreno r√∫stico pode ser a oportunidade perfeita! Localizado na zona da Soalheira, em Moncarapacho e Fuseta, este lote de 5120m¬≤ destaca-se pela sua area, facilitando o aproveitamento do espa√ßo para diversos fins.
‚úÖ √Årea total:¬†5120m¬≤
‚úÖ Terreno ideal para cultivo ou lazer
‚úÖ Localiza√ß√£o tranquila e de f√°cil acesso
‚úÖ Proximidade com Moncarapacho e Fuseta


Agende a sua visita e d√™ um passo para o pr√≥ximo n√≠vel!",Terreno R√∫stico,0 Quartos,Venda,Usado,N/D,Portugal,Faro,Olh√£o,Moncarapacho e Fuseta,N/D,Isento,https://cdr3.ximocrm.com/image-optimizer/resize:fit:1920:1080:0/aHR0cHM6Ly9tZWRpYXRvcGhvdXNlcnMueGltby5wdC8vaW1vdmVpcy80MzQvYjNkYjM3MGEtN2U0ZC00YWIzLTlmNGEtM2U0MzkxYzVmY2Y0LmpwZw.webp,,,,,https://www.tophousers.com/captcha.ashx?f=amigo,,,,,,,,,,,,,,
2026-01-23 18:41:37,Failed,https://dashboard.browse.ai/workspaces/miguel-pinto/robots/019bebe2-88cd-724f-b5f3-59f9def3c42c/history/019bec28-aa29-7de1-a60a-eb9de8cfca69,https://www.tophousers.com/pt/imoveis/terreno-urbano-na-conceicao-faro_343/,Terreno Urbano na Concei√ß√£o - Faro,"Faro, Faro",2¬†750¬†000 ‚Ç¨,TOP 543,Insira o seu email,Insira o seu Nome,Insira o seu email,,,18960 m¬≤,"Terreno Urbano na Concei√ß√£o
¬†
Localizado na pitoresca regi√£o da Concei√ß√£o, em Faro, este generoso terreno oferece uma oportunidade excepcional para investidores ou empreendedores vision√°rios.
Com uma extens√£o de 18.960m¬≤, este terreno √© um convite para a realiza√ß√£o de projetos ambiciosos e criativos.
Caracter√≠sticas do Terreno:
√Årea total: 18.960m¬≤
Zona de constru√ß√£o
Potencial para diversos tipos de empreendimentos
Localiza√ß√£o Privilegiada: Concei√ß√£o, em Faro, √© uma √°rea conhecida por sua beleza natural e ambiente tranquilo. A proximidade com o centro urbano oferece conveni√™ncia e acesso a uma variedade de servi√ßos e comodidades, enquanto a serenidade do entorno proporciona um ref√∫gio perfeito para projetos residenciais ou comerciais.
Potencial de Desenvolvimento: Com uma vasta √°rea dispon√≠vel, este terreno oferece flexibilidade para uma ampla gama de projetos, desde empreendimentos residenciais at√© comerciais.
Seja para a constru√ß√£o de moradias familiares, edif√≠cios comerciais, ou empreendimentos mistos, as possibilidades s√£o vastas e convidativas.
Investimento Promissor: Este terreno representa n√£o apenas uma oportunidade de constru√ß√£o, mas tamb√©m um investimento promissor em uma regi√£o em crescimento. Com uma localiza√ß√£o estrat√©gica e um ambiente favor√°vel ao desenvolvimento, este terreno tem o potencial de se tornar um empreendimento lucrativo e valorizado.
N√£o perca a chance de explorar todo o potencial deste terreno excepcional em Concei√ß√£o, Faro.
Entre em contato conosco hoje mesmo para mais informa√ß√µes e para agendar uma visita.",Terreno Urbano,0 Quartos,Venda,N/D,N/D,Portugal,Faro,Faro,Concei√ß√£o e Estoi,N/D,Isento,https://cdr2.ximocrm.com/image-optimizer/resize:fit:1920:1080:0/aHR0cHM6Ly9tZWRpYXRvcGhvdXNlcnMueGltby5wdC8vaW1vdmVpcy8zNDMvZThlZjQ3ZWEtMWE4YS00NzIxLTgwYTItNGUzNzc5MzZiZDQ0LmpwZw.webp,https://cdr1.ximocrm.com/image-optimizer/resize:fit:1920:1080:0/aHR0cHM6Ly9tZWRpYXRvcGhvdXNlcnMueGltby5wdC8vaW1vdmVpcy8zNDMvMDEyN2VkMjUtZmY1YS00NDE1LTk5MGUtNmU3YzZhOTVmYTJiLmpwZw.webp,https://cdr2.ximocrm.com/image-optimizer/resize:fit:1920:1080:0/aHR0cHM6Ly9tZWRpYXRvcGhvdXNlcnMueGltby5wdC8vaW1vdmVpcy8zNDMvYWE1OTgwMmUtZGY1OC00MGFiLTlmZTYtOTEzNWYzMTNkMzQzLmpwZw.webp,https://cdr3.ximocrm.com/image-optimizer/resize:fit:1920:1080:0/aHR0cHM6Ly9tZWRpYXRvcGhvdXNlcnMueGltby5wdC8vaW1vdmVpcy8zNDMvYjg0OTA1MmQtNzNmYS00MzQ1LTk0MWItNjVmYTMxZGM0NzcyLmpwZw.webp,https://cdr2.ximocrm.com/image-optimizer/resize:fit:1920:1080:0/aHR0cHM6Ly9tZWRpYXRvcGhvdXNlcnMueGltby5wdC8vaW1vdmVpcy8zNDMvNTMwMGEwYWEtZjE5OS00ZWE5LWFkYjEtMTY0Y2IzNjFhM2Q3LmpwZw.webp,https://cdr3.ximocrm.com/image-optimizer/resize:fit:1920:1080:0/aHR0cHM6Ly9tZWRpYXRvcGhvdXNlcnMueGltby5wdC8vaW1vdmVpcy8zNDMvNjI5ZDgzOGMtNjkxZi00ODdlLTg0ZjAtZThkNzU1NGIwYThiLmpwZw.webp,https://cdr1.ximocrm.com/image-optimizer/resize:fit:1920:1080:0/aHR0cHM6Ly9tZWRpYXRvcGhvdXNlcnMueGltby5wdC8vaW1vdmVpcy8zNDMvOGE2NGU2NTAtZjMxYS00NTFmLTlhMmEtZmZlYTg2NjcxODhjLmpwZw.webp,https://cdr4.ximocrm.com/image-optimizer/resize:fit:1920:1080:0/aHR0cHM6Ly9tZWRpYXRvcGhvdXNlcnMueGltby5wdC8vaW1vdmVpcy8zNDMvYzU1ZDFiMTEtYTBkNC00YTlhLThhYjUtMWZhNzhmNWFhZWRmLmpwZw.webp,,,,,,,,,,,,
2026-01-23 18:41:30,Failed,https://dashboard.browse.ai/workspaces/miguel-pinto/robots/019bebe2-88cd-724f-b5f3-59f9def3c42c/history/019bec28-9b30-71ae-b8cb-e9eb67f0a233,https://www.tophousers.com/pt/imoveis/apartamento-t2-novo-com-rooftoop-privativo-garagem-e-arrecadacao-em-montenegro_327/,"Apartamento T2 Novo com Rooftoop Privativo, garagem e arrecada√ß√£o em Montenegro - Faro","Faro, Faro",530¬†000 ‚Ç¨,TOP 530,2,2,1,"101,23 m¬≤","228,72 m¬≤","228,72 m¬≤","Apartamento T2 em fase de constru√ß√£o no Montenegro - Faro.

Este apartamento situa-se no 3¬∫ andar e √∫ltimo.

Este apartamento √© composto por:
- Uma cozinha e sala open space;
- Casa de Banho completa;
- 1 quarto;
- 1 suite;
- Lavandaria/arrumos;
- 3 Varandas;
- Terra√ßo privativo de 90,51m2.

Materiais e Acabamentos:
- Cozinha totalmente equipada com eletrodom√©sticos;
- Instala√ß√£o de painel solar;
- Caixilharia e janelas com vidro duplo e corte t√©rmico;
- Estores autom√°ticos;
- Pr√©-instala√ß√£o de dom√≥tica (casa inteligente) e de som ambiente;
- Instala√ß√£o de ar condicionado;
- WC¬¥s com sanit√°rios suspensos;
- Ch√£o flutuante nos quartos;
- Porta de entrada de alta seguran√ßa.

O apartamento conta ainda com estacionamento e arrecada√ß√£o na cave do edif√≠cio.

A sua localiza√ß√£o √© pestigiada e √∫nica pela proximidade de todos os servi√ßos e com√©rcio; apenas a 5 minutos do centro de Faro, a 2 minutos do aeroporto, 3 minutos do Hospital Privado e a escasssos metros de com√©rcio e escolas.

Agende j√° a sua visita e d√™ um passo para o pr√≥ximo n√≠vel!",Apartamento,2 Quartos,Venda,Em Constru√ß√£o,2024,Portugal,Faro,Faro,Montenegro,N/D,Isento,https://cdr1.ximocrm.com/image-optimizer/resize:fit:1920:1080:0/aHR0cHM6Ly9tZWRpYXRvcGhvdXNlcnMueGltby5wdC8vaW1vdmVpcy8zMjcvODE5N2RmNzQtMDcyNS00NGY1LTk2MzAtNTIzZGFiNGQwYjdmLmpwZw.webp,https://cdr2.ximocrm.com/image-optimizer/resize:fit:1920:1080:0/aHR0cHM6Ly9tZWRpYXRvcGhvdXNlcnMueGltby5wdC8vaW1vdmVpcy8zMjcvZTYxMjRiMzEtOTMyNi00ZWQ5LTlkYmMtYTlhYzZjMGE2ODc4LmpwZw.webp,https://cdr4.ximocrm.com/image-optimizer/resize:fit:1920:1080:0/aHR0cHM6Ly9tZWRpYXRvcGhvdXNlcnMueGltby5wdC8vaW1vdmVpcy8zMjcvM2NjMjQyZGEtNTA2Ny00MmI2LTkwZGYtYTM4NWQ5ZjIxMzkzLmpwZw.webp,https://cdr2.ximocrm.com/image-optimizer/resize:fit:1920:1080:0/aHR0cHM6Ly9tZWRpYXRvcGhvdXNlcnMueGltby5wdC8vaW1vdmVpcy8zMjcvNTA5NWNiMDYtZWFjOC00MTU0LWIxODUtMzU2MzNmMDljMWJjLmpwZw.webp,https://cdr1.ximocrm.com/image-optimizer/resize:fit:1920:1080:0/aHR0cHM6Ly9tZWRpYXRvcGhvdXNlcnMueGltby5wdC8vaW1vdmVpcy8zMjcvZDBkNmMxZjAtN2ZhNC00MmEyLWE1NWUtODEwNThlMjE3ZTczLmpwZw.webp,https://cdr3.ximocrm.com/image-optimizer/resize:fit:1920:1080:0/aHR0cHM6Ly9tZWRpYXRvcGhvdXNlcnMueGltby5wdC8vaW1vdmVpcy8zMjcvMjE5MWZiMmEtMTg0NS00MGEwLTg2ZWUtZjhjMjJhMDEzYTgzLmpwZw.webp,https://cdr1.ximocrm.com/image-optimizer/resize:fit:1920:1080:0/aHR0cHM6Ly9tZWRpYXRvcGhvdXNlcnMueGltby5wdC8vaW1vdmVpcy8zMjcvNGQ4N2QxNDUtOGVjYy00MWNlLWFiM2YtMGE1N2IyMTQ3MzBiLmpwZw.webp,https://cdr3.ximocrm.com/image-optimizer/resize:fit:1920:1080:0/aHR0cHM6Ly9tZWRpYXRvcGhvdXNlcnMueGltby5wdC8vaW1vdmVpcy8zMjcvYmRmY2RjY2QtMTYwMS00OGYzLTg3MmEtNWJmNzU2ZGNjZDNhLmpwZw.webp,https://cdr1.ximocrm.com/image-optimizer/resize:fit:1920:1080:0/aHR0cHM6Ly9tZWRpYXRvcGhvdXNlcnMueGltby5wdC8vaW1vdmVpcy8zMjcvZDk1NDYwY2ItNzNiNy00YmQ1LTkyNWQtMGFiMjA3YmJlZThkLmpwZw.webp,https://cdr1.ximocrm.com/image-optimizer/resize:fit:1920:1080:0/aHR0cHM6Ly9tZWRpYXRvcGhvdXNlcnMueGltby5wdC8vaW1vdmVpcy8zMjcvNDkwY2Q3ZjItMzlhNy00YzMzLTgxYWEtZGEwY2QzOTdhNGRjLmpwZw.webp,,,,,,,,,,
2026-01-23 18:41:28,Failed,https://dashboard.browse.ai/workspaces/miguel-pinto/robots/019bebe2-88cd-724f-b5f3-59f9def3c42c/history/019bec28-c4e9-7583-9a73-8189008d5dd1,https://www.tophousers.com/pt/imoveis/terreno-rustico_432/,Terreno Rustico,"Faro, Olh√£o",27¬†000 ‚Ç¨,top 677,Insira o seu email,Insira o seu Nome,Insira o seu email,1740 m¬≤,1740 m¬≤,1740 m¬≤,"Terreno R√∫stico √† Venda ‚Äì Cali√ßos Moncarapacho e Fuseta¬†

Se procura um ref√∫gio no cora√ß√£o do Algarve, esta √© a oportunidade perfeita
Localiza√ß√£o:¬†Cali√ßos Uni√£o das Freguesias de Moncarapacho e Fuseta
√Årea: 1.740m¬≤
Acesso: Estrada at√© ao terreno
Destaques: Terreno totalmente plano com uma vista espetacular!
Ideal para quem deseja um espa√ßo tranquilo e pr√≥ximo da natureza, com f√°cil acesso a todas as comodidades.


Agende ja a sua visita e d√™ um passo para o pr√≥ximo n√≠vel!",Terreno R√∫stico,0 Quartos,Venda,Usado,N/D,Portugal,Faro,Olh√£o,Moncarapacho e Fuseta,N/D,Isento,https://cdr2.ximocrm.com/image-optimizer/resize:fit:1920:1080:0/aHR0cHM6Ly9tZWRpYXRvcGhvdXNlcnMueGltby5wdC8vaW1vdmVpcy80MzIvZWRkZjdjZmMtNmE2OS00YmQwLTg3ZTUtYzI0YzFhM2E1MzcxLmpwZw.webp,https://cdr3.ximocrm.com/image-optimizer/resize:fit:1920:1080:0/aHR0cHM6Ly9tZWRpYXRvcGhvdXNlcnMueGltby5wdC8vaW1vdmVpcy80MzIvNjVjOThjN2YtYWY4ZC00YmFlLThjNzktZTA1NTkwOTAwMzY0LmpwZw.webp,https://cdr4.ximocrm.com/image-optimizer/resize:fit:1920:1080:0/aHR0cHM6Ly9tZWRpYXRvcGhvdXNlcnMueGltby5wdC8vaW1vdmVpcy80MzIvYzEyZDE2MmMtYzdlMy00MTQyLTg4OTYtODlmYzMwOGJmZjNmLmpwZw.webp,https://cdr4.ximocrm.com/image-optimizer/resize:fit:1920:1080:0/aHR0cHM6Ly9tZWRpYXRvcGhvdXNlcnMueGltby5wdC8vaW1vdmVpcy80MzIvMzU1MjQzN2MtYTMyYi00MDZhLWJmZjEtODg5NzJkMjBlMGE4LmpwZw.webp,https://cdr4.ximocrm.com/image-optimizer/resize:fit:1920:1080:0/aHR0cHM6Ly9tZWRpYXRvcGhvdXNlcnMueGltby5wdC8vaW1vdmVpcy80MzIvYzE3YzNhZjYtZjVlZS00NWU3LWEyYTUtM2IwZDkzYTZiNmIyLmpwZw.webp,https://cdr1.ximocrm.com/image-optimizer/resize:fit:1920:1080:0/aHR0cHM6Ly9tZWRpYXRvcGhvdXNlcnMueGltby5wdC8vaW1vdmVpcy80MzIvZDQzYjYyYmMtNTU4Ni00YzY1LWJhOTMtYmEzZDQzZDRmOTgyLmpwZw.webp,https://cdr2.ximocrm.com/image-optimizer/resize:fit:1920:1080:0/aHR0cHM6Ly9tZWRpYXRvcGhvdXNlcnMueGltby5wdC8vaW1vdmVpcy80MzIvYTJhNTkwMTUtOGE3MC00ODU3LTllNmItYmFjMTJiOTZmYWQyLmpwZw.webp,https://cdr1.ximocrm.com/image-optimizer/resize:fit:1920:1080:0/aHR0cHM6Ly9tZWRpYXRvcGhvdXNlcnMueGltby5wdC8vaW1vdmVpcy80MzIvMGVkNWU4YWItYTJmYy00Mzk1LWEwZGItNjQyMTY1YTYxZDM0LmpwZw.webp,https://cdr1.ximocrm.com/image-optimizer/resize:fit:1920:1080:0/aHR0cHM6Ly9tZWRpYXRvcGhvdXNlcnMueGltby5wdC8vaW1vdmVpcy80MzIvODQxZmZkMzMtYjA2OC00OTQ3LTg2ZmYtNDc4ZjdjYTBhMjc1LmpwZw.webp,https://cdr3.ximocrm.com/image-optimizer/resize:fit:1920:1080:0/aHR0cHM6Ly9tZWRpYXRvcGhvdXNlcnMueGltby5wdC8vaW1vdmVpcy80MzIvYjczZDE4MmUtNjY4Ni00ZTdkLWIxYzgtYzRmODFlMzZkY2I4LmpwZw.webp,https://cdr3.ximocrm.com/image-optimizer/resize:fit:1920:1080:0/aHR0cHM6Ly9tZWRpYXRvcGhvdXNlcnMueGltby5wdC8vaW1vdmVpcy80MzIvMjEwOTEyZWYtMjhmYi00OTM2LTg5NzctOWNiMjNkZGIzYmY4LmpwZw.webp,,,,,,,,,
2026-01-23 18:41:01,Failed,https://dashboard.browse.ai/workspaces/miguel-pinto/robots/019bebe2-88cd-724f-b5f3-59f9def3c42c/history/019bec27-e4e1-7eff-b764-8a51c216274b,https://www.tophousers.com/pt/imoveis/terreno-rustico_435/,Terreno R√∫stico,"Faro, Olh√£o",50¬†000 ‚Ç¨,TOP 680,Insira o seu email,Insira o seu Nome,Insira o seu email,8320 m¬≤,8320 m¬≤,8320 m¬≤,"Terreno R√∫stico de 8320m¬≤ √† venda em Soalheira, Moncarapacho e Fuseta

Se procura um espa√ßo tranquilo e rodeado pela natureza, este terreno r√∫stico pode ser a oportunidade perfeita! Localizado na zona da Soalheira, em Moncarapacho e Fuseta, este lote de 8320m¬≤ destaca-se pela sua area, facilitando o aproveitamento do espa√ßo para diversos fins.
‚úÖ √Årea total:¬†8320m¬≤
‚úÖ Terreno ideal para cultivo ou lazer
‚úÖ Localiza√ß√£o tranquila e de f√°cil acesso
‚úÖ Proximidade com Moncarapacho e Fuseta


Agende a sua visita e d√™ um passo para o pr√≥ximo n√≠vel!",Terreno R√∫stico,0 Quartos,Venda,Usado,N/D,Portugal,Faro,Olh√£o,Moncarapacho e Fuseta,N/D,Isento,https://cdr3.ximocrm.com/image-optimizer/resize:fit:1920:1080:0/aHR0cHM6Ly9tZWRpYXRvcGhvdXNlcnMueGltby5wdC8vaW1vdmVpcy80MzUvYjY0NzI0YjQtNTdmZS00MWY0LWIzYWEtOWM2MDAxZjIzNzZmLmpwZw.webp,,,,,https://www.tophousers.com/captcha.ashx?f=amigo,,,,,,,,,,,,,,
2026-01-23 18:40:42,Failed,https://dashboard.browse.ai/workspaces/miguel-pinto/robots/019bebe2-88cd-724f-b5f3-59f9def3c42c/history/019bec27-8de3-7d31-88ab-414d74aaa60a,https://www.tophousers.com/pt/imoveis/apartamento-t3-novo-com-garagem-e-arrecadacao-em-montenegro-faro_323/,Apartamento T3 Novo com garagem e arrecada√ß√£o em Montenegro - Faro,"Faro, Faro",485¬†000 ‚Ç¨,TOP 523,3,2,1,"126,72 m¬≤","207,54 m¬≤",,"Apartamento T3 em fase de constru√ß√£o no Montenegro - Faro.

Este apartamento situa-se no r√©s do ch√£o e √© composto por:

- Uma cozinha e sala open space;
- Casa de Banho completa;
- 2 quartos;
- 1 suite;
- Lavandaria/arrumos;
- Logradouro privativo de 67,77m2.

Materiais e Acabamentos:
- Cozinha totalmente equipada com eletrodom√©sticos;
- Instala√ß√£o de painel solar;
- Caixilharia e janelas com vidro duplo e corte t√©rmico;
- Estores autom√°ticos;
- Pr√©-instala√ß√£o de dom√≥tica (casa inteligente) e de som ambiente;
- Instala√ß√£o de ar condicionado;
- WC's com sanit√°rios suspensos;
- Ch√£o flutuante nos quartos;
- Porta de entrada de alta seguran√ßa.

O apartamento conta ainda com estacionamento e arrecada√ß√£o na cave do edif√≠cio.

A sua localiza√ß√£o √© pestigiada e √∫nica pela proximidade de todos os servi√ßos e com√©rcio; apenas a 5 minutos do centro de Faro, a 2 minutos do aeroporto, 3 minutos do Hospital Privado e a escasssos metros de com√©rcio e escolas.

Agende j√° a sua visita e d√™ um passo para o pr√≥ximo n√≠vel!",Apartamento,3 Quartos,Venda,Novo,2024,Portugal,Faro,Faro,Montenegro,N/D,Isento,https://cdr2.ximocrm.com/image-optimizer/resize:fit:1920:1080:0/aHR0cHM6Ly9tZWRpYXRvcGhvdXNlcnMueGltby5wdC8vaW1vdmVpcy8zMjMvNTA5NWNiMDYtZWFjOC00MTU0LWIxODUtMzU2MzNmMDljMWJjLmpwZw.webp,https://cdr2.ximocrm.com/image-optimizer/resize:fit:1920:1080:0/aHR0cHM6Ly9tZWRpYXRvcGhvdXNlcnMueGltby5wdC8vaW1vdmVpcy8zMjMvZTYxMjRiMzEtOTMyNi00ZWQ5LTlkYmMtYTlhYzZjMGE2ODc4LmpwZw.webp,https://cdr1.ximocrm.com/image-optimizer/resize:fit:1920:1080:0/aHR0cHM6Ly9tZWRpYXRvcGhvdXNlcnMueGltby5wdC8vaW1vdmVpcy8zMjMvODE5N2RmNzQtMDcyNS00NGY1LTk2MzAtNTIzZGFiNGQwYjdmLmpwZw.webp,https://cdr4.ximocrm.com/image-optimizer/resize:fit:1920:1080:0/aHR0cHM6Ly9tZWRpYXRvcGhvdXNlcnMueGltby5wdC8vaW1vdmVpcy8zMjMvM2NjMjQyZGEtNTA2Ny00MmI2LTkwZGYtYTM4NWQ5ZjIxMzkzLmpwZw.webp,https://cdr1.ximocrm.com/image-optimizer/resize:fit:1920:1080:0/aHR0cHM6Ly9tZWRpYXRvcGhvdXNlcnMueGltby5wdC8vaW1vdmVpcy8zMjMvZDBkNmMxZjAtN2ZhNC00MmEyLWE1NWUtODEwNThlMjE3ZTczLmpwZw.webp,https://www.tophousers.com/captcha.ashx?f=amigo,,,,,,,,,,,,,,
2026-01-23 18:40:14,Failed,https://dashboard.browse.ai/workspaces/miguel-pinto/robots/019bebe2-88cd-724f-b5f3-59f9def3c42c/history/019bec27-723d-7829-8cf7-93e70d4a7ad5,https://www.tophousers.com/pt/imoveis/terreno-com-ruina-construcao-de-moradia-unifamiliar_229/,Terreno com ru√≠na - constru√ß√£o de moradia unifamiliar,"Faro, Loul√©",122¬†000 ‚Ç¨,TOP 372,Insira o seu email,Insira o seu Nome,Insira o seu email,121 m¬≤,121 m¬≤,1128 m¬≤,"O terreno com ru√≠na¬† oferece uma oportunidade interessante para construir uma moradia unifamiliar com piscina. Aqui est√£o os principais pontos destacados:
Tipo de Terreno: Terreno com ru√≠na.
√Årea do Terreno: 1128m¬≤.
Implanta√ß√£o da Ru√≠na: 121m¬≤.
Possibilidade de Constru√ß√£o:
Moradia unifamiliar.
Piscina inclu√≠da no projeto.
Localiza√ß√£o:
Excelente localiza√ß√£o, a 10 minutos de uma zona nobre de expans√£o com campos de golfe e diversas moradias.
A 15 minutos do centro de Loul√©.
Situa√ß√£o Atual:
Terreno com projeto de demoli√ß√£o da ru√≠na na C√¢mara Municipal de Loul√©.
O projeto est√° em aprecia√ß√£o, aguardando aprova√ß√£o para entrar na fase de licenciamento da moradia.
Se estiver interessado nesse terreno, √© recomend√°vel entrar em contato com o anunciante para obter mais detalhes sobre o projeto de demoli√ß√£o e o status na C√¢mara Municipal. Certifique-se de entender completamente os passos necess√°rios para avan√ßar com o projeto de constru√ß√£o da moradia e garanta que todos os requisitos legais e regulamenta√ß√µes sejam atendidos. Agendar uma visita ao local tamb√©m pode fornecer uma vis√£o mais detalhada da propriedade.







Agende a sua visita e d√™ um passo para o pr√≥ximo n√≠vel.",Lote de Terreno,0 Quartos,Venda,Usado,N/D,Portugal,Faro,Loul√©,Salir,N/D,Isento,https://cdr2.ximocrm.com/image-optimizer/resize:fit:1920:1080:0/aHR0cHM6Ly9tZWRpYXRvcGhvdXNlcnMueGltby5wdC8vaW1vdmVpcy8yMjkvNTJkYzI4YTgtNDU2Yi00YjU3LWJhNWQtNWY2MDQ5NDQ4Njg5LmpwZw.webp,https://cdr1.ximocrm.com/image-optimizer/resize:fit:1920:1080:0/aHR0cHM6Ly9tZWRpYXRvcGhvdXNlcnMueGltby5wdC8vaW1vdmVpcy8yMjkvZGJlOTUzMjgtMTQyOS00NTY1LWE3OWQtZmZjNDFmNDI5ZWU5LmpwZw.webp,https://cdr4.ximocrm.com/image-optimizer/resize:fit:1920:1080:0/aHR0cHM6Ly9tZWRpYXRvcGhvdXNlcnMueGltby5wdC8vaW1vdmVpcy8yMjkvNzQ5Y2U1YjgtMzA3OC00NjQ4LTljMjgtNzZjZTU0OWQ1YWZiLmpwZw.webp,https://cdr4.ximocrm.com/image-optimizer/resize:fit:1920:1080:0/aHR0cHM6Ly9tZWRpYXRvcGhvdXNlcnMueGltby5wdC8vaW1vdmVpcy8yMjkvNzc2NjZmZGItZjY4Yi00ZDBkLTk1OTItYTdhZGMxMmZkMzEyLmpwZw.webp,https://cdr2.ximocrm.com/image-optimizer/resize:fit:1920:1080:0/aHR0cHM6Ly9tZWRpYXRvcGhvdXNlcnMueGltby5wdC8vaW1vdmVpcy8yMjkvNTI2ZDEzZjAtZGE1Zi00MjQ5LWI3ZTYtZmMwMWU3YTA4MDNhLmpwZw.webp,https://cdr2.ximocrm.com/image-optimizer/resize:fit:1920:1080:0/aHR0cHM6Ly9tZWRpYXRvcGhvdXNlcnMueGltby5wdC8vaW1vdmVpcy8yMjkvOTNjZGY0YjctNmYzMC00MWE4LWEzZDAtNzA0ZjVlMTAwZDI4LmpwZw.webp,https://cdr4.ximocrm.com/image-optimizer/resize:fit:1920:1080:0/aHR0cHM6Ly9tZWRpYXRvcGhvdXNlcnMueGltby5wdC8vaW1vdmVpcy8yMjkvN2IwYjlmNmUtMGUzZC00YTcxLWJmMDUtZjhhYTBjYTc3M2ViLmpwZw.webp,https://cdr3.ximocrm.com/image-optimizer/resize:fit:1920:1080:0/aHR0cHM6Ly9tZWRpYXRvcGhvdXNlcnMueGltby5wdC8vaW1vdmVpcy8yMjkvYmQ2OWI1MTAtZDBjZC00MTYwLTlhN2UtODI5NzQ5MmY3ZTNkLmpwZw.webp,https://cdr1.ximocrm.com/image-optimizer/resize:fit:1920:1080:0/aHR0cHM6Ly9tZWRpYXRvcGhvdXNlcnMueGltby5wdC8vaW1vdmVpcy8yMjkvODJhNGU0NmQtNWJlOS00YzgyLTgyYzMtYmMxMmIzODc2NzkxLmpwZw.webp,https://cdr2.ximocrm.com/image-optimizer/resize:fit:1920:1080:0/aHR0cHM6Ly9tZWRpYXRvcGhvdXNlcnMueGltby5wdC8vaW1vdmVpcy8yMjkvMTQ3NmIyN2EtMDYzOS00MmUwLTg3YzktNjdjNjliOTg4YzEyLmpwZw.webp,https://cdr2.ximocrm.com/image-optimizer/resize:fit:1920:1080:0/aHR0cHM6Ly9tZWRpYXRvcGhvdXNlcnMueGltby5wdC8vaW1vdmVpcy8yMjkvOTM2ZjVlN2EtMmE1NC00Zjg0LWE0M2QtODE2NDFlN2U0ZTUwLmpwZw.webp,https://cdr2.ximocrm.com/image-optimizer/resize:fit:1920:1080:0/aHR0cHM6Ly9tZWRpYXRvcGhvdXNlcnMueGltby5wdC8vaW1vdmVpcy8yMjkvMWQ5OGZkYWYtMmMwZC00MTgxLWExMzUtZDM0MjVkNmVjYTQzLmpwZw.webp,https://cdr1.ximocrm.com/image-optimizer/resize:fit:1920:1080:0/aHR0cHM6Ly9tZWRpYXRvcGhvdXNlcnMueGltby5wdC8vaW1vdmVpcy8yMjkvZGFlYWNjMGItZjc3NS00NjQ1LWFmMWEtYzI3NjczOWQwZjZhLmpwZw.webp,,,,,,,
2026-01-23 18:40:05,Failed,https://dashboard.browse.ai/workspaces/miguel-pinto/robots/019bebe2-88cd-724f-b5f3-59f9def3c42c/history/019bec27-53e4-7271-8b7d-488549afeb44,https://www.tophousers.com/pt/imoveis/terreno-misto-em-moncarapacho_436/,Terreno Misto em Moncarapacho,"Faro, Olh√£o",150¬†000 ‚Ç¨,TOP 681,Insira o seu email,Insira o seu Nome,Insira o seu email,9440 m¬≤,30 m¬≤,9440 m¬≤,"Excelente Oportunidade de Investimento em Moncarapacho, Olh√£o

Apresentamos um terreno misto (r√∫stico e urbano) com 9440m¬≤ de √°rea total, localizado no s√≠tio da Jordana Arrebentada, em Moncarapacho, concelho de Olh√£o.
Este im√≥vel tem uma ru√≠na com 30m2, com potencial para reabilita√ß√£o.
Ideal para projetos residenciais, tur√≠sticos ou agr√≠colas, este terreno combina a tranquilidade da natureza com a proximidade dos principais acessos e servi√ßos da regi√£o.
N√£o perca esta oportunidade √∫nica de investir numa zona em crescimento, com grande potencial de valoriza√ß√£o.

Agende √† sua visita e de um passo para o pr√≥ximo n√≠vel !",Terreno Misto,0 Quartos,Venda,Usado,N/D,Portugal,Faro,Olh√£o,Moncarapacho e Fuseta,N/D,Isento,https://cdr3.ximocrm.com/image-optimizer/resize:fit:1920:1080:0/aHR0cHM6Ly9tZWRpYXRvcGhvdXNlcnMueGltby5wdC8vaW1vdmVpcy80MzYvZjE4ZGY3NTgtOTQyMi00NjA2LTg2ZGMtZDE1NjAzMjVhNTcxLmpwZw.webp,https://cdr1.ximocrm.com/image-optimizer/resize:fit:1920:1080:0/aHR0cHM6Ly9tZWRpYXRvcGhvdXNlcnMueGltby5wdC8vaW1vdmVpcy80MzYvZDdjY2NmYzktYjcyZC00NjlkLWFkMmUtNjJmNGJlZDQyYjdmLmpwZw.webp,https://cdr3.ximocrm.com/image-optimizer/resize:fit:1920:1080:0/aHR0cHM6Ly9tZWRpYXRvcGhvdXNlcnMueGltby5wdC8vaW1vdmVpcy80MzYvNmYzMDVlYWQtODdiMy00MWIyLWE2NjQtNDlhMzk2NTdjNDRlLmpwZw.webp,https://cdr4.ximocrm.com/image-optimizer/resize:fit:1920:1080:0/aHR0cHM6Ly9tZWRpYXRvcGhvdXNlcnMueGltby5wdC8vaW1vdmVpcy80MzYvYzdhZTFmMDAtZjEwMy00NGVkLWJkOTUtYTE0ZTdhNDM5OWNjLmpwZw.webp,https://cdr3.ximocrm.com/image-optimizer/resize:fit:1920:1080:0/aHR0cHM6Ly9tZWRpYXRvcGhvdXNlcnMueGltby5wdC8vaW1vdmVpcy80MzYvZmNjYWI3NTUtM2FhMS00ZDg1LTg1NDAtNWYyMWQ2MmJiMjk3LmpwZw.webp,https://cdr1.ximocrm.com/image-optimizer/resize:fit:1920:1080:0/aHR0cHM6Ly9tZWRpYXRvcGhvdXNlcnMueGltby5wdC8vaW1vdmVpcy80MzYvODgzZWRhMGUtYTUzNy00ZTQ5LWIyYzktOTU3ZjZlZjk3MjZlLmpwZw.webp,https://cdr4.ximocrm.com/image-optimizer/resize:fit:1920:1080:0/aHR0cHM6Ly9tZWRpYXRvcGhvdXNlcnMueGltby5wdC8vaW1vdmVpcy80MzYvYzE1MjY0MjItZWJiOS00NTk2LWIwY2UtMTkzZTlmNTdjYWNhLmpwZw.webp,https://cdr2.ximocrm.com/image-optimizer/resize:fit:1920:1080:0/aHR0cHM6Ly9tZWRpYXRvcGhvdXNlcnMueGltby5wdC8vaW1vdmVpcy80MzYvOTllNzYxZmUtYTg2NS00MDJiLTk2YzQtYzUyZGUzM2RhOWIxLmpwZw.webp,https://cdr2.ximocrm.com/image-optimizer/resize:fit:1920:1080:0/aHR0cHM6Ly9tZWRpYXRvcGhvdXNlcnMueGltby5wdC8vaW1vdmVpcy80MzYvNTZiNWM5MDgtN2I4MC00ODgxLTg2ZmYtMzgyMWQ3YzIwZGI0LmpwZw.webp,https://cdr2.ximocrm.com/image-optimizer/resize:fit:1920:1080:0/aHR0cHM6Ly9tZWRpYXRvcGhvdXNlcnMueGltby5wdC8vaW1vdmVpcy80MzYvNTFkYzViMTctNTk4Yy00ZmFmLTg2MDctM2FmNzg3YTJhZWNlLmpwZw.webp,https://cdr3.ximocrm.com/image-optimizer/resize:fit:1920:1080:0/aHR0cHM6Ly9tZWRpYXRvcGhvdXNlcnMueGltby5wdC8vaW1vdmVpcy80MzYvMjU5N2FhY2EtYzdmNi00YTI2LWI4MWQtZTdkODkzYmQyNmQ5LmpwZw.webp,https://cdr1.ximocrm.com/image-optimizer/resize:fit:1920:1080:0/aHR0cHM6Ly9tZWRpYXRvcGhvdXNlcnMueGltby5wdC8vaW1vdmVpcy80MzYvZDc2YjhkYjYtM2FmYy00NTc5LWE5NGMtYTY2ZTBiNTA5YWUyLmpwZw.webp,https://cdr4.ximocrm.com/image-optimizer/resize:fit:1920:1080:0/aHR0cHM6Ly9tZWRpYXRvcGhvdXNlcnMueGltby5wdC8vaW1vdmVpcy80MzYvM2U2Nzk0NTktM2RiNS00MWNjLTlhMjAtODA1NjY1OGIxZWJlLmpwZw.webp,,,,,,,
2026-01-23 18:39:51,Failed,https://dashboard.browse.ai/workspaces/miguel-pinto/robots/019bebe2-88cd-724f-b5f3-59f9def3c42c/history/019bec26-d852-709e-87eb-91a767ae5bce,https://www.tophousers.com/pt/imoveis/terreno-rustico_430/,Terreno R√∫stico,"Faro, Olh√£o",27¬†000 ‚Ç¨,TOP 676,Insira o seu email,Insira o seu Nome,Insira o seu email,1680 m¬≤,1680 m¬≤,1680 m¬≤,"Terreno R√∫stico de 1.680m¬≤ √† Venda em Jordana, Moncarapacho e Fuseta

Se procura um espa√ßo tranquilo e rodeado pela natureza, este terreno r√∫stico pode ser a oportunidade perfeita! Localizado na zona da Jordana, em Moncarapacho e Fuseta, este lote de 1.680m¬≤ destaca-se pela sua topografia totalmente plana, facilitando o aproveitamento do espa√ßo para diversos fins.
‚úÖ √Årea total: 1.680m¬≤
‚úÖ Terreno plano, ideal para cultivo ou lazer
‚úÖ Localiza√ß√£o tranquila e de f√°cil acesso
‚úÖ Proximidade com Moncarapacho e Fuseta


Agende ja a sua visita e d√™ um passo para o pr√≥ximo n√≠vel!",Terreno R√∫stico,0 Quartos,Venda,Usado,N/D,Portugal,Faro,Olh√£o,Moncarapacho e Fuseta,N/D,,https://cdr2.ximocrm.com/image-optimizer/resize:fit:1920:1080:0/aHR0cHM6Ly9tZWRpYXRvcGhvdXNlcnMueGltby5wdC8vaW1vdmVpcy80MzAvNTM5NWM5YTAtZmFkMC00NTI4LWI3MDEtZGQxMTk5ZTY2MWY2LmpwZw.webp,https://cdr1.ximocrm.com/image-optimizer/resize:fit:1920:1080:0/aHR0cHM6Ly9tZWRpYXRvcGhvdXNlcnMueGltby5wdC8vaW1vdmVpcy80MzAvODIzYTJhNTEtMWIxZi00YTFmLTk2NTgtMGQxZDVjMWU2ZTU4LmpwZw.webp,https://cdr4.ximocrm.com/image-optimizer/resize:fit:1920:1080:0/aHR0cHM6Ly9tZWRpYXRvcGhvdXNlcnMueGltby5wdC8vaW1vdmVpcy80MzAvNzVhMWYxOWItYmE3My00MDgwLWFmZjUtNWUyNDdjMWJlN2Q3LmpwZw.webp,https://cdr2.ximocrm.com/image-optimizer/resize:fit:1920:1080:0/aHR0cHM6Ly9tZWRpYXRvcGhvdXNlcnMueGltby5wdC8vaW1vdmVpcy80MzAvNTJiMzAyNWItY2IyZS00OTA4LWJhZDktZThlMzgyNDZjMDIyLmpwZw.webp,https://cdr4.ximocrm.com/image-optimizer/resize:fit:1920:1080:0/aHR0cHM6Ly9tZWRpYXRvcGhvdXNlcnMueGltby5wdC8vaW1vdmVpcy80MzAvNzZhODZhZmUtNGY0YS00ZjNkLTk2ZmYtN2RkNzA1ZjE1ZWE1LmpwZw.webp,https://www.tophousers.com/captcha.ashx?f=amigo,,,,,,,,,,,,,,
2026-01-23 18:39:31,Failed,https://dashboard.browse.ai/workspaces/miguel-pinto/robots/019bebe2-88cd-724f-b5f3-59f9def3c42c/history/019bec26-c84f-7fa2-9b6c-154e65d6c644,https://www.tophousers.com/pt/imoveis/terreno-rustico_433/,Terreno R√∫stico,"Faro, Olh√£o",35¬†000 ‚Ç¨,TOP 678,Insira o seu email,Insira o seu Nome,Insira o seu email,6120 m¬≤,6120 m¬≤,6120 m¬≤,"Terreno R√∫stico de 6120m¬≤ √† Venda em Quarteis, Moncarapacho e Fuseta

Se procura um espa√ßo tranquilo e rodeado pela natureza, este terreno r√∫stico pode ser a oportunidade perfeita! Localizado na zona da Jordana, em Moncarapacho e Fuseta, este lote de 6120m¬≤ destaca-se pela sua topografia totalmente plana, facilitando o aproveitamento do espa√ßo para diversos fins.
‚úÖ √Årea total:¬†6.120m¬≤
‚úÖ Terreno plano, ideal para cultivo ou lazer
‚úÖ Localiza√ß√£o tranquila e de f√°cil acesso
‚úÖ Proximidade com Moncarapacho e Fuseta


Agende ja a sua visita e d√™ um passo para o pr√≥ximo n√≠vel!",Terreno R√∫stico,0 Quartos,Venda,Usado,N/D,Portugal,Faro,Olh√£o,Moncarapacho e Fuseta,N/D,Isento,https://cdr3.ximocrm.com/image-optimizer/resize:fit:1920:1080:0/aHR0cHM6Ly9tZWRpYXRvcGhvdXNlcnMueGltby5wdC8vaW1vdmVpcy80MzMvZmExYTIwMTgtNzIyMy00MmU4LWE3NzQtYWMyOTM3NTA5YWY4LmpwZw.webp,https://cdr4.ximocrm.com/image-optimizer/resize:fit:1920:1080:0/aHR0cHM6Ly9tZWRpYXRvcGhvdXNlcnMueGltby5wdC8vaW1vdmVpcy80MzMvNzI5YmRhMzUtZDQ2Yy00MWMwLWFhNTEtYzQ3YjQ3YmI0NjM2LmpwZw.webp,https://cdr2.ximocrm.com/image-optimizer/resize:fit:1920:1080:0/aHR0cHM6Ly9tZWRpYXRvcGhvdXNlcnMueGltby5wdC8vaW1vdmVpcy80MzMvZWUxMjc2ODItNDcxMy00MmZjLThjMzgtM2JkN2Q5YjhjYmFhLmpwZw.webp,https://cdr1.ximocrm.com/image-optimizer/resize:fit:1920:1080:0/aHR0cHM6Ly9tZWRpYXRvcGhvdXNlcnMueGltby5wdC8vaW1vdmVpcy80MzMvODRmYmYyMzEtZmZmMS00MDI2LTgyNzEtZDBiYzYzMzA1Y2VlLmpwZw.webp,https://cdr2.ximocrm.com/image-optimizer/resize:fit:1920:1080:0/aHR0cHM6Ly9tZWRpYXRvcGhvdXNlcnMueGltby5wdC8vaW1vdmVpcy80MzMvMTNjNDdiZjktZDM3Yi00NGFiLWIyYTAtYzMwNDI2YWMwMWNiLmpwZw.webp,https://cdr4.ximocrm.com/image-optimizer/resize:fit:1920:1080:0/aHR0cHM6Ly9tZWRpYXRvcGhvdXNlcnMueGltby5wdC8vaW1vdmVpcy80MzMvY2M0YzM2NDktODk0OS00NGE2LWIwODEtNTcyNmZmNzYzMzYwLmpwZw.webp,https://cdr2.ximocrm.com/image-optimizer/resize:fit:1920:1080:0/aHR0cHM6Ly9tZWRpYXRvcGhvdXNlcnMueGltby5wdC8vaW1vdmVpcy80MzMvYWJhNmU3ZDgtMDVkMS00YTkzLTlmZDMtM2I0M2ZiYTdkYWEzLmpwZw.webp,https://cdr2.ximocrm.com/image-optimizer/resize:fit:1920:1080:0/aHR0cHM6Ly9tZWRpYXRvcGhvdXNlcnMueGltby5wdC8vaW1vdmVpcy80MzMvNTQ1ZjkwMjktODg1Ny00NjZlLThlZmUtMTZkN2E0M2MyNTdjLmpwZw.webp,https://cdr2.ximocrm.com/image-optimizer/resize:fit:1920:1080:0/aHR0cHM6Ly9tZWRpYXRvcGhvdXNlcnMueGltby5wdC8vaW1vdmVpcy80MzMvZWYwMWUzYWEtMTNjMS00NzY3LTgxNDgtZDIwNjMyM2RlYTY5LmpwZw.webp,,,,,,,,,,,
2026-01-23 17:28:14,Successful,https://dashboard.browse.ai/workspaces/miguel-pinto/robots/019bebe2-88cd-724f-b5f3-59f9def3c42c/history/019bebe5-6189-768e-abed-695da985e23a,https://www.tophousers.com/pt/imoveis/moradia-t6-em-aljezur_489/,Moradia T6 em Aljezur,"Faro, Aljezur",700¬†000 ‚Ç¨,TOP 716,6,6,1,280 m¬≤,312 m¬≤,1250 m¬≤,"Moradia T6 em Aljezur com garagem¬†

Localizada na prestigiada Urbaniza√ß√£o do Vale da Telha, no cora√ß√£o da Costa Vicentina, esta magn√≠fica moradia oferece o equil√≠brio perfeito entre conforto, espa√ßo e proximidade ao mar, encontrando-se a poucos minutos das deslumbrantes praias da regi√£o.
Implantada num ambiente tranquilo, a propriedade disp√µe de 6 quartos com roupeiros embutidos, incluindo 2 su√≠tes, uma delas com terra√ßo privativo, e dois quartos com acesso direto √† piscina, proporcionando uma viv√™ncia pr√°tica e harmoniosa entre interior e exterior. Conta ainda com 5 casas de banho, pensadas para garantir total comodidade a toda a fam√≠lia e convidados.
A sala ampla, com lareira e bar, apresenta zonas bem definidas para refei√ß√µes e momentos de relaxamento, criando um espa√ßo acolhedor e vers√°til. A cozinha totalmente equipada, em open space, integra-se de forma elegante com a zona de refei√ß√µes, ideal para o dia a dia ou para receber.
Para momentos de lazer, a moradia oferece uma sala de jogos com kitchenette, lavabo e mesa de bilhar, perfeita para conv√≠vios em qualquer altura do ano. No exterior, destaca-se a piscina de 40 m¬≤, envolvida por um jardim privativo, ideal para desfrutar do clima ameno da regi√£o.
A propriedade conta ainda com garagem com capacidade para 3 viaturas, garantindo seguran√ßa e funcionalidade.
Uma moradia √∫nica, ideal para resid√™ncia permanente, casa de f√©rias ou investimento, numa das zonas mais procuradas da Costa Vicentina.

Agende a sua visita e d√™ um passo para o pr√≥ximo n√≠vel!",Moradia,6 Quartos,Venda,Usado,1989,Portugal,Faro,Aljezur,Aljezur,N/D,D,https://cdr3.ximocrm.com/image-optimizer/resize:fit:1920:1080:0/aHR0cHM6Ly9tZWRpYXRvcGhvdXNlcnMueGltby5wdC8vaW1vdmVpcy80ODkvNmE1MmM4ZDUtNzI3OS00ODRiLWIyOWEtZjJmZWIyNTZkOTM4LmpwZw.webp,https://cdr4.ximocrm.com/image-optimizer/resize:fit:1920:1080:0/aHR0cHM6Ly9tZWRpYXRvcGhvdXNlcnMueGltby5wdC8vaW1vdmVpcy80ODkvMzE5ZjQwNDUtY2JjYy00ZTdjLWE2NjktY2NkZGQ3MGVmOTNiLmpwZw.webp,https://cdr3.ximocrm.com/image-optimizer/resize:fit:1920:1080:0/aHR0cHM6Ly9tZWRpYXRvcGhvdXNlcnMueGltby5wdC8vaW1vdmVpcy80ODkvMjhlOWZjYWMtNjY0Yi00Y2RjLWFjNzMtYmM4ZTY1ZTVjY2I2LmpwZw.webp,https://cdr1.ximocrm.com/image-optimizer/resize:fit:1920:1080:0/aHR0cHM6Ly9tZWRpYXRvcGhvdXNlcnMueGltby5wdC8vaW1vdmVpcy80ODkvZDFkMDQ0NDQtM2I0Zi00OTg0LWFmZjgtMTA5MTc3MWNlZmRhLmpwZw.webp,https://cdr1.ximocrm.com/image-optimizer/resize:fit:1920:1080:0/aHR0cHM6Ly9tZWRpYXRvcGhvdXNlcnMueGltby5wdC8vaW1vdmVpcy80ODkvMDEwNGY0MjktYTJkNC00OGNmLTg4NDYtZTViNDgyOTFmODRlLmpwZw.webp,https://cdr1.ximocrm.com/image-optimizer/resize:fit:1920:1080:0/aHR0cHM6Ly9tZWRpYXRvcGhvdXNlcnMueGltby5wdC8vaW1vdmVpcy80ODkvOGViOWI5NGMtZWVjMS00MTU0LWJlZGUtZTljY2VlOTIxZGI1LmpwZw.webp,https://cdr2.ximocrm.com/image-optimizer/resize:fit:1920:1080:0/aHR0cHM6Ly9tZWRpYXRvcGhvdXNlcnMueGltby5wdC8vaW1vdmVpcy80ODkvNWFjZjRlYTktYmI2ZC00NDM0LTk0MTEtNWU3ODI4OTE4MWJkLmpwZw.webp,https://cdr2.ximocrm.com/image-optimizer/resize:fit:1920:1080:0/aHR0cHM6Ly9tZWRpYXRvcGhvdXNlcnMueGltby5wdC8vaW1vdmVpcy80ODkvNWMwOGQ2NmYtYTA2MC00ZTBlLThmOGEtNzYwYjI4MTg0MmM1LmpwZw.webp,https://cdr2.ximocrm.com/image-optimizer/resize:fit:1920:1080:0/aHR0cHM6Ly9tZWRpYXRvcGhvdXNlcnMueGltby5wdC8vaW1vdmVpcy80ODkvYWJjYTlhOGYtMzQ4OS00OTU2LWE5NmQtZjIzYTIzYjFmYjQ0LmpwZw.webp,https://cdr2.ximocrm.com/image-optimizer/resize:fit:1920:1080:0/aHR0cHM6Ly9tZWRpYXRvcGhvdXNlcnMueGltby5wdC8vaW1vdmVpcy80ODkvNTNmNDE2MjItMzdlZi00YzI4LWEzOGEtY2NlNmM0NTI4NmViLmpwZw.webp,https://cdr3.ximocrm.com/image-optimizer/resize:fit:1920:1080:0/aHR0cHM6Ly9tZWRpYXRvcGhvdXNlcnMueGltby5wdC8vaW1vdmVpcy80ODkvYmY4YWM5ZDgtYzkzNC00MmQzLTgxMmItNzYzYTgyMTMxZTk1LmpwZw.webp,https://cdr4.ximocrm.com/image-optimizer/resize:fit:1920:1080:0/aHR0cHM6Ly9tZWRpYXRvcGhvdXNlcnMueGltby5wdC8vaW1vdmVpcy80ODkvN2QyNDIwZDAtYmE1Yi00NDc2LTg4NjgtNjczZjQyMzJiYTc0LmpwZw.webp,https://cdr3.ximocrm.com/image-optimizer/resize:fit:1920:1080:0/aHR0cHM6Ly9tZWRpYXRvcGhvdXNlcnMueGltby5wdC8vaW1vdmVpcy80ODkvZmU4Y2QwZDYtOTkzYi00MDFlLTljOWQtN2UyODAwZDlkNjdjLmpwZw.webp,https://cdr4.ximocrm.com/image-optimizer/resize:fit:1920:1080:0/aHR0cHM6Ly9tZWRpYXRvcGhvdXNlcnMueGltby5wdC8vaW1vdmVpcy80ODkvYzE0NzNjMWEtM2Y4YS00ZDJhLTk4ZDItZTU4YTQzZjVlZGQyLmpwZw.webp,https://cdr2.ximocrm.com/image-optimizer/resize:fit:1920:1080:0/aHR0cHM6Ly9tZWRpYXRvcGhvdXNlcnMueGltby5wdC8vaW1vdmVpcy80ODkvOWJlYjAxYmYtNjI4NC00NDM4LTlkMmItMjAyODA3M2I0ZTU2LmpwZw.webp,"Geral
√Ågua Canali. Rede pr√≥pria, Electricidade, Roupeiros embutidos, Saneamento, Murado, Vedado, Port√£o garagem manual, Esgotos, Arquitetura Contempor√¢nea;","Classifica√ß√£o Zona
Residencial, Residencial cidade, Tur√≠stica, Residencial vila, Povoa√ß√£o;","Geral
Garagem fechada;",Sem informa√ß√£o dispon√≠vel,Sem informa√ß√£o dispon√≠vel
2026-01-23 17:28:07,Successful,https://dashboard.browse.ai/workspaces/miguel-pinto/robots/019bebe2-88cd-724f-b5f3-59f9def3c42c/history/019bebe5-618c-7c87-be54-5107fab7b378,https://www.tophousers.com/pt/imoveis/moradia-nova-t3-com-piscina-sao-bras-de-alportel_277/,Moradia nova T3 com piscina - S√£o Br√°s de Alportel,"Faro, S√£o Br√°s de Alportel",750¬†000 ‚Ç¨,TOP 425,3,3,2,"142,9 m¬≤","215,5 m¬≤",432 m¬≤,"Moradia T3 Isolada em S√£o Br√°s de Alportel com Arquitetura Moderna em Fase Final de Constru√ß√£o
Descri√ß√£o: Apresentamos esta elegante moradia T3, situada em S√£o Br√°s de Alportel, que combina o melhor da arquitetura moderna com a tranquilidade de uma localiza√ß√£o privilegiada.
Esta propriedade, ainda em fase final de constru√ß√£o, oferece a oportunidade √∫nica de personalizar os acabamentos ao seu gosto, criando assim a casa dos seus sonhos.
Caracter√≠sticas da Moradia:
Arquitetura Moderna: Projeto de um √∫nico piso que privilegia a luminosidade natural atrav√©s de amplos envidra√ßados na zona de lazer.
Tr√™s Quartos: Inclui uma su√≠te, todos os quartos com roupeiros embutidos e acesso direto √† piscina.
Open Space: Sala e cozinha em conceito aberto, proporcionando um ambiente espa√ßoso e convidativo.
Lavandaria: Espa√ßo dedicado para lavandaria, trazendo mais praticidade ao dia a dia.
Tr√™s Casas de Banho: Conforto e conveni√™ncia para toda a fam√≠lia.
Zona de Lazer:
Piscina: Piscina, ideal para relaxar e se refrescar nos dias quentes.
Barbecue: √Årea de barbecue perfeita para momentos de conv√≠vio e refei√ß√µes ao ar livre.
Terra√ßo Coberto: Zona de refei√ß√µes em terra√ßo coberto, garantindo conforto em todas as esta√ß√µes.
Informa√ß√µes Adicionais:
Garagem: Espa√ßo de garagem para o seu ve√≠culo.
Deck: √Årea de deck para relaxamento e lazer.
Acesso Pavimentado: Estrada de acesso em alcatr√£o, inserida numa zona em crescimento com outras moradias semelhantes.
Localiza√ß√£o:
A 30 minutos do Aeroporto de Faro
A 30 minutos de Tavira
A 10 minutos da Vila de S√£o Br√°s de Alportel
A 30 minutos de Faro e Loul√©
√Årea do Im√≥vel:
√Årea de Implanta√ß√£o: 176.49 m¬≤
√Årea Bruta de Constru√ß√£o: 212.18 m¬≤
C√©rcea: 3.52 m¬≤
Piscina: 29.21 m¬≤

Agende a sua visita e d√™ um passo para o pr√≥ximo n√≠vel!",Moradia,3 Quartos,Venda,Em Constru√ß√£o,N/D,Portugal,Faro,S√£o Br√°s de Alportel,S√£o Br√°s de Alportel,N/D,A,https://cdr1.ximocrm.com/image-optimizer/resize:fit:1920:1080:0/aHR0cHM6Ly9tZWRpYXRvcGhvdXNlcnMueGltby5wdC8vaW1vdmVpcy8yNzcvNDhkYTRiMjItMTYwZS00M2RlLWFhZWYtMjczY2ZiZmQ0Y2QzLmpwZw.webp,https://cdr4.ximocrm.com/image-optimizer/resize:fit:1920:1080:0/aHR0cHM6Ly9tZWRpYXRvcGhvdXNlcnMueGltby5wdC8vaW1vdmVpcy8yNzcvNzU2YjQ4NmUtZDA4OC00MTg2LThlOWItMTBhY2JiZGE4MGVlLmpwZw.webp,https://cdr3.ximocrm.com/image-optimizer/resize:fit:1920:1080:0/aHR0cHM6Ly9tZWRpYXRvcGhvdXNlcnMueGltby5wdC8vaW1vdmVpcy8yNzcvNjgwOGQxNDItY2Y4ZC00ZTZkLWJjMzgtZDZkZmVhNGRjODg0LmpwZw.webp,https://cdr1.ximocrm.com/image-optimizer/resize:fit:1920:1080:0/aHR0cHM6Ly9tZWRpYXRvcGhvdXNlcnMueGltby5wdC8vaW1vdmVpcy8yNzcvNDdiY2M3ZTItMTM1NS00MzA2LWJhYzUtNDllYzAyY2FiM2U1LmpwZw.webp,https://cdr1.ximocrm.com/image-optimizer/resize:fit:1920:1080:0/aHR0cHM6Ly9tZWRpYXRvcGhvdXNlcnMueGltby5wdC8vaW1vdmVpcy8yNzcvNDg5NTFkOGItODkwNi00YzliLWIwNDQtNmQ0YmU0NzM2Yzc1LmpwZw.webp,https://cdr1.ximocrm.com/image-optimizer/resize:fit:1920:1080:0/aHR0cHM6Ly9tZWRpYXRvcGhvdXNlcnMueGltby5wdC8vaW1vdmVpcy8yNzcvMDU4OGUxM2YtOGQ4OS00Y2JmLWI3ZGEtODYyODE1MzU3ZmM2LmpwZw.webp,https://cdr3.ximocrm.com/image-optimizer/resize:fit:1920:1080:0/aHR0cHM6Ly9tZWRpYXRvcGhvdXNlcnMueGltby5wdC8vaW1vdmVpcy8yNzcvNjg5ZGU2MGItNWM0OS00N2YwLWI5OWMtNGU2OTYxOWNlYmQ5LmpwZw.webp,https://cdr1.ximocrm.com/image-optimizer/resize:fit:1920:1080:0/aHR0cHM6Ly9tZWRpYXRvcGhvdXNlcnMueGltby5wdC8vaW1vdmVpcy8yNzcvOGZiZTRkYzktZDVhZS00MjdjLWE1NTktMWVkYjI1MWEwNDQzLmpwZw.webp,https://cdr3.ximocrm.com/image-optimizer/resize:fit:1920:1080:0/aHR0cHM6Ly9tZWRpYXRvcGhvdXNlcnMueGltby5wdC8vaW1vdmVpcy8yNzcvNjg3Yzk3OWEtMmIzOC00YWM4LTk3MDUtYzFjNGExOTFiNTdhLmpwZw.webp,https://cdr4.ximocrm.com/image-optimizer/resize:fit:1920:1080:0/aHR0cHM6Ly9tZWRpYXRvcGhvdXNlcnMueGltby5wdC8vaW1vdmVpcy8yNzcvYzMxZDhkNDMtOTFlYi00ZGE3LTlmNjctNzNmZWRjNDVlMDYwLmpwZw.webp,https://cdr1.ximocrm.com/image-optimizer/resize:fit:1920:1080:0/aHR0cHM6Ly9tZWRpYXRvcGhvdXNlcnMueGltby5wdC8vaW1vdmVpcy8yNzcvNDg0ODVhMTQtYjc3Ni00MWVmLTgzN2MtOGQ5NmEwNTYzNGJjLmpwZw.webp,https://cdr2.ximocrm.com/image-optimizer/resize:fit:1920:1080:0/aHR0cHM6Ly9tZWRpYXRvcGhvdXNlcnMueGltby5wdC8vaW1vdmVpcy8yNzcvNTJlMGVlMGItMDk3YS00ZGExLWFjNTUtMTMzY2JmYjUzYWY2LmpwZw.webp,https://cdr4.ximocrm.com/image-optimizer/resize:fit:1920:1080:0/aHR0cHM6Ly9tZWRpYXRvcGhvdXNlcnMueGltby5wdC8vaW1vdmVpcy8yNzcvN2ZjY2E3ZGEtNGJiMC00ZTk2LWFkMWUtZmNlMzUwYjkxN2MwLmpwZw.webp,https://cdr3.ximocrm.com/image-optimizer/resize:fit:1920:1080:0/aHR0cHM6Ly9tZWRpYXRvcGhvdXNlcnMueGltby5wdC8vaW1vdmVpcy8yNzcvNjIxMjFiMTEtNWZmNi00ZmUzLWI2ZjctMWFjODU3YWYzMmJmLmpwZw.webp,https://cdr2.ximocrm.com/image-optimizer/resize:fit:1920:1080:0/aHR0cHM6Ly9tZWRpYXRvcGhvdXNlcnMueGltby5wdC8vaW1vdmVpcy8yNzcvNWM2ZTBjNjMtMDFjNS00MmJmLTkyY2QtNDcwMjZkNDg4NTYxLmpwZw.webp,Sem informa√ß√£o dispon√≠vel,Sem informa√ß√£o dispon√≠vel,Sem informa√ß√£o dispon√≠vel,Sem informa√ß√£o dispon√≠vel,Sem informa√ß√£o dispon√≠vel
2026-01-23 17:28:04,Successful,https://dashboard.browse.ai/workspaces/miguel-pinto/robots/019bebe2-88cd-724f-b5f3-59f9def3c42c/history/019bebe5-618a-71c4-b432-b41d0d002398,https://www.tophousers.com/pt/imoveis/apartamento-t2-em-quarteira-com-garagem_467/,Apartamento T2 em Quarteira ‚Äì com garagem,"Faro, Loul√©",875¬†000 ‚Ç¨,TOP 693,2,2,1,80 m¬≤,"116,25 m¬≤","87,7 m¬≤","Apartamento T2¬† em Quarteira ‚Äì com garagem, Vista e Localiza√ß√£o Privilegiada

Descubra este magn√≠fico apartamento T2 situado em Quarteira, em frente √† praia, ideal para quem procura viver com qualidade ou investir com seguran√ßa. Com uma localiza√ß√£o imbat√≠vel e excelentes acabamentos, este im√≥vel combina conforto, funcionalidade e o charme do litoral algarvio.
Caracter√≠sticas do Im√≥vel:
üîπ Dois Quartos e Duas Casas de Banho
Espa√ßosos e bem distribu√≠dos, os quartos oferecem conforto e privacidade. As duas casas de banho foram pensadas para garantir comodidade ao dia a dia.
üîπ Cozinha e Sala em Open Space
Ambiente moderno e totalmente equipado, perfeito para receber amigos ou desfrutar de momentos em fam√≠lia. A cozinha est√° equipada com eletrodom√©sticos de qualidade e integrada a uma ampla sala de estar com acesso direto a varanda e vista mar.
üîπ Porta de Seguran√ßa
Maior tranquilidade com uma porta de entrada refor√ßada, oferecendo prote√ß√£o e isolamento.
üîπ Frente √† Praia
Acorde todos os dias com a brisa do mar e a vista deslumbrante do oceano ‚Äî basta atravessar a rua para sentir a areia nos p√©s.
üîπ Garagem Privativa
Inclui um lugar de garagem, garantindo praticidade e seguran√ßa no cora√ß√£o de Quarteira.
Uma oportunidade √∫nica para viver ou investir numa das zonas mais procuradas do Algarve.

Agende j√° a sua visita e d√™ um passo para o pr√≥ximo n√≠vel!",Apartamento,2 Quartos,Venda,Remodelado,1991,Portugal,Faro,Loul√©,Quarteira,N/D,D,https://cdr2.ximocrm.com/image-optimizer/resize:fit:1920:1080:0/aHR0cHM6Ly9tZWRpYXRvcGhvdXNlcnMueGltby5wdC8vaW1vdmVpcy80NjcvYTQ2Mjk0ZWEtYjFhNS00OTgzLTg3ZDEtZWQ4ZDc3YTkwZmVhLmpwZw.webp,https://cdr1.ximocrm.com/image-optimizer/resize:fit:1920:1080:0/aHR0cHM6Ly9tZWRpYXRvcGhvdXNlcnMueGltby5wdC8vaW1vdmVpcy80NjcvZGQ2YThiMWQtZTI1ZS00ZWY0LWExODUtY2JmMzQ1YWZkY2Q1LmpwZw.webp,https://cdr3.ximocrm.com/image-optimizer/resize:fit:1920:1080:0/aHR0cHM6Ly9tZWRpYXRvcGhvdXNlcnMueGltby5wdC8vaW1vdmVpcy80NjcvZjJkZmJlYTktOWQzOC00NzY5LWIwOWUtYzA3MDA4ZGI1Y2M0LmpwZw.webp,https://cdr1.ximocrm.com/image-optimizer/resize:fit:1920:1080:0/aHR0cHM6Ly9tZWRpYXRvcGhvdXNlcnMueGltby5wdC8vaW1vdmVpcy80NjcvZGM1Y2Y1M2YtZTFmOC00NjgwLWI1N2QtMWU2NzJhYTk3MmUyLmpwZw.webp,https://cdr3.ximocrm.com/image-optimizer/resize:fit:1920:1080:0/aHR0cHM6Ly9tZWRpYXRvcGhvdXNlcnMueGltby5wdC8vaW1vdmVpcy80NjcvZjhlN2RiMmEtZWYwNC00ZDBiLWE4ZmQtZTcwYmFhZDdmZDdmLmpwZw.webp,https://cdr1.ximocrm.com/image-optimizer/resize:fit:1920:1080:0/aHR0cHM6Ly9tZWRpYXRvcGhvdXNlcnMueGltby5wdC8vaW1vdmVpcy80NjcvZDlkZGJlZDgtNWNhMC00MmJkLTlhNjgtZDhjYTIyNjVjZmVkLmpwZw.webp,https://cdr4.ximocrm.com/image-optimizer/resize:fit:1920:1080:0/aHR0cHM6Ly9tZWRpYXRvcGhvdXNlcnMueGltby5wdC8vaW1vdmVpcy80NjcvMzFmN2IxZjMtNWZiNC00YTIwLTk4ZTYtNGUwOTQwNjFkNzg1LmpwZw.webp,https://cdr3.ximocrm.com/image-optimizer/resize:fit:1920:1080:0/aHR0cHM6Ly9tZWRpYXRvcGhvdXNlcnMueGltby5wdC8vaW1vdmVpcy80NjcvZjQwNmQ0YWEtNmM4Yy00ODYwLWIxZGEtZDkzYmVlZjdhZGIzLmpwZw.webp,https://cdr3.ximocrm.com/image-optimizer/resize:fit:1920:1080:0/aHR0cHM6Ly9tZWRpYXRvcGhvdXNlcnMueGltby5wdC8vaW1vdmVpcy80NjcvZjhkMDEwZTAtZDk5Ni00NGMzLTk3NjItZTVlMGM1MTU1MDE4LmpwZw.webp,https://cdr4.ximocrm.com/image-optimizer/resize:fit:1920:1080:0/aHR0cHM6Ly9tZWRpYXRvcGhvdXNlcnMueGltby5wdC8vaW1vdmVpcy80NjcvYzZhM2U1ZjEtMTE0My00ODcyLWI1YjYtNmI4ZTIxZjkzOTAwLmpwZw.webp,https://cdr3.ximocrm.com/image-optimizer/resize:fit:1920:1080:0/aHR0cHM6Ly9tZWRpYXRvcGhvdXNlcnMueGltby5wdC8vaW1vdmVpcy80NjcvYjdiODJiYTAtMjA1ZS00ZDUzLWJhMzEtYjg5NGQ4MWE5M2Q0LmpwZw.webp,https://cdr2.ximocrm.com/image-optimizer/resize:fit:1920:1080:0/aHR0cHM6Ly9tZWRpYXRvcGhvdXNlcnMueGltby5wdC8vaW1vdmVpcy80NjcvOTNjNjc3NjYtOTYyMi00NDRkLWJlNTEtNTQ2ZmI1ZGJiNDgzLmpwZw.webp,https://cdr1.ximocrm.com/image-optimizer/resize:fit:1920:1080:0/aHR0cHM6Ly9tZWRpYXRvcGhvdXNlcnMueGltby5wdC8vaW1vdmVpcy80NjcvODEyZmJlNGItNDM4YS00ZmQxLTg0N2UtMTQ3MDgxM2UyMmRkLmpwZw.webp,https://cdr1.ximocrm.com/image-optimizer/resize:fit:1920:1080:0/aHR0cHM6Ly9tZWRpYXRvcGhvdXNlcnMueGltby5wdC8vaW1vdmVpcy80NjcvZDM3NWRhZTItM2M0ZS00YWY5LWIwY2QtYTg1MWFjZDIxMTBjLmpwZw.webp,https://cdr1.ximocrm.com/image-optimizer/resize:fit:1920:1080:0/aHR0cHM6Ly9tZWRpYXRvcGhvdXNlcnMueGltby5wdC8vaW1vdmVpcy80NjcvNDdlMzU2MjgtYjA4Yi00NDhiLThiMDEtOTA0NWY5NWNkYmY3LmpwZw.webp,"Geral
√Ågua Canali. Rede p√∫blica, Electricidade, Porta Blindada/Seguran√ßa, Roupeiros embutidos, Saneamento, Video Porteiro, √Åguas Pluviais, Esgotos, Arquitetura Moderna;","Natureza
Mar, Praia, Vista para Mar, Vista para Praia, Vista para Cidade, Primeira Linha do Mar;","Geral
Acesso a pessoas com dificuldades motoras, Elevador directo, Lugar de garagem;",Sem informa√ß√£o dispon√≠vel,Sem informa√ß√£o dispon√≠vel
2026-01-23 17:28:00,Successful,https://dashboard.browse.ai/workspaces/miguel-pinto/robots/019bebe2-88cd-724f-b5f3-59f9def3c42c/history/019bebe5-618c-71fe-8f45-f562ddd083db,https://www.tophousers.com/pt/imoveis/seano-beach-e-home-o-seu-novo-lar-exclusivo-no-litoral_483/,Seano Beach e Home ‚Äì O seu novo lar exclusivo no litoral!,,Sob Consulta,TOP 706,3,Insira o seu Nome,Insira o seu email,74 m¬≤,104 m¬≤,"84,8 m¬≤","Seano Beach & Home ‚Äì O privil√©gio de viver onde o mar encontra a sofistica√ß√£o
Imagine acordar todos os dias com a brisa do mar, cercado de conforto, seguran√ßa e lazer em cada detalhe.¬†
√â¬†um condom√≠nio fechado √† beira da praia, projetado para transformar a rotina da sua fam√≠lia em uma experi√™ncia √∫nica de bem-estar e exclusividade.
S√£o 3 torres modernas com 13 pavimentos cada, totalizando 309 apartamentos e 316 lugares de garagem, em um espa√ßo pensado para quem busca qualidade de vida sem abrir m√£o da praticidade.
Diferenciais que encantam:
Hall de entrada imponente com portaria e seguran√ßa 24h
Conjunto de lazer completo: piscinas adulto e infantil, solarium, piscina privativa, red√°rio, playground, brinquedoteca, academia, crossfit, sal√£o de festas, quadra esportiva, espa√ßo pet, pra√ßas e at√© pra√ßa zen para relaxar
Estrutura de apoio planejada: guarita com banheiro, espa√ßo locker, administra√ß√£o, copa de funcion√°rios, dep√≥sitos, gerador, reservat√≥rios de √°gua, casas de bombas e esta√ß√£o elevat√≥ria
Estacionamento amplo e bem distribu√≠do
Apartamentos com ambientes que inspiram bem estar e qualidade de vida, todos os dias
Dispon√≠veis em tipologias T1, T2 e T3, todos os apartamentos foram pensados para proporcionar funcionalidade, conforto e sofistica√ß√£o:
T1 ‚Äì Ideal para solteiros, casais ou como segunda habita√ß√£o no litoral. Conta com sala de estar e jantar integradas √† cozinha, 1 quarto confort√°vel, varanda e √°rea de servi√ßo funcional.
T2 ‚Äì Perfeito para fam√≠lias que valorizam praticidade sem abrir m√£o de espa√ßo. Possui 2 quartos (sendo 1 su√≠te), ambientes sociais integrados, varanda com espa√ßo t√©cnico e √°reas bem distribu√≠das.
T3 ‚Äì A escolha para quem busca amplitude e versatilidade. S√£o 3 quartos (1 su√≠te), sala e cozinha integradas, varanda espa√ßosa, al√©m de op√ß√µes com √°reas privativas descobertas que ampliam ainda mais a experi√™ncia de viver no litoral.
Cada tipologia foi desenvolvida com plantas inteligentes, aproveitando cada metro quadrado para oferecer bem-estar e eleg√¢ncia em todos os ambientes.
Agende j√° sua visita e d√™ o pr√≥ximo passo para o pr√≥ximo n√≠vel!",Apartamento,3 Quartos,Venda,Novo,2026,Seleccione,N/D,N/D,N/D,N/D,,https://cdr3.ximocrm.com/image-optimizer/resize:fit:1920:1080:0/aHR0cHM6Ly9tZWRpYXRvcGhvdXNlcnMueGltby5wdC8vaW1vdmVpcy80ODMvZjAzYTE5OTUtNTUwNS00MWYyLTk2MWQtNTUxNDc4NTNkZDcwLmpwZw.webp,https://cdr4.ximocrm.com/image-optimizer/resize:fit:1920:1080:0/aHR0cHM6Ly9tZWRpYXRvcGhvdXNlcnMueGltby5wdC8vaW1vdmVpcy80ODMvY2QzY2IyMTctZWM1ZC00NmNkLWFiNGYtZWFmYmM0YWQwM2I2LmpwZw.webp,https://cdr2.ximocrm.com/image-optimizer/resize:fit:1920:1080:0/aHR0cHM6Ly9tZWRpYXRvcGhvdXNlcnMueGltby5wdC8vaW1vdmVpcy80ODMvOTBjYmQyOTUtNmYzNC00NmYzLTgxNWYtZmI1OGUxNTdkYWExLmpwZw.webp,https://cdr4.ximocrm.com/image-optimizer/resize:fit:1920:1080:0/aHR0cHM6Ly9tZWRpYXRvcGhvdXNlcnMueGltby5wdC8vaW1vdmVpcy80ODMvNzhmNGZhY2QtMTgwYi00MGEwLTlkODItNDA5OTAxNjg1ZmFkLmpwZw.webp,https://cdr2.ximocrm.com/image-optimizer/resize:fit:1920:1080:0/aHR0cHM6Ly9tZWRpYXRvcGhvdXNlcnMueGltby5wdC8vaW1vdmVpcy80ODMvNTdiNmFiOGMtZTdkNC00MTE2LTkxZDYtYjgzZDEzMTAxYTM3LmpwZw.webp,https://cdr3.ximocrm.com/image-optimizer/resize:fit:1920:1080:0/aHR0cHM6Ly9tZWRpYXRvcGhvdXNlcnMueGltby5wdC8vaW1vdmVpcy80ODMvYjk2YTM5ZjQtODI2Ni00OTk4LWEwZDItODJhNWE3ZGRkODgyLmpwZw.webp,https://cdr2.ximocrm.com/image-optimizer/resize:fit:1920:1080:0/aHR0cHM6Ly9tZWRpYXRvcGhvdXNlcnMueGltby5wdC8vaW1vdmVpcy80ODMvZWU5OGIxMGQtNDExMS00MGRlLWFmMmEtYTYzMDZhOGI5MWE5LmpwZw.webp,https://cdr2.ximocrm.com/image-optimizer/resize:fit:1920:1080:0/aHR0cHM6Ly9tZWRpYXRvcGhvdXNlcnMueGltby5wdC8vaW1vdmVpcy80ODMvMTBhM2ZiODEtZmE0YS00NGZiLWE3YWYtMGZlYmIyZTkxZmY3LmpwZw.webp,https://cdr2.ximocrm.com/image-optimizer/resize:fit:1920:1080:0/aHR0cHM6Ly9tZWRpYXRvcGhvdXNlcnMueGltby5wdC8vaW1vdmVpcy80ODMvOWI4ZGEwOWEtYzU0YS00Nzc5LWJhMWQtNTc2NGIwNWE1YmNkLmpwZw.webp,https://cdr1.ximocrm.com/image-optimizer/resize:fit:1920:1080:0/aHR0cHM6Ly9tZWRpYXRvcGhvdXNlcnMueGltby5wdC8vaW1vdmVpcy80ODMvZDJiNDRkZTQtNDQ5Ny00NzA3LThjNDktNmQ2ZGJlMTYxOGM5LmpwZw.webp,https://cdr1.ximocrm.com/image-optimizer/resize:fit:1920:1080:0/aHR0cHM6Ly9tZWRpYXRvcGhvdXNlcnMueGltby5wdC8vaW1vdmVpcy80ODMvNDQ4NTc4ZjAtMTY3MC00MmNiLWEwOTMtNzYzMWU3NWZiN2MwLmpwZw.webp,https://cdr1.ximocrm.com/image-optimizer/resize:fit:1920:1080:0/aHR0cHM6Ly9tZWRpYXRvcGhvdXNlcnMueGltby5wdC8vaW1vdmVpcy80ODMvOGZjNWYwMzYtNGFiZC00YWFlLWE3MGEtZTIzM2Q4MjBhZDcyLmpwZw.webp,https://cdr2.ximocrm.com/image-optimizer/resize:fit:1920:1080:0/aHR0cHM6Ly9tZWRpYXRvcGhvdXNlcnMueGltby5wdC8vaW1vdmVpcy80ODMvOTk2MjAyZWQtZGExNC00ODZjLThjOTgtNWZmNDU2YmRlMzg3LmpwZw.webp,https://cdr1.ximocrm.com/image-optimizer/resize:fit:1920:1080:0/aHR0cHM6Ly9tZWRpYXRvcGhvdXNlcnMueGltby5wdC8vaW1vdmVpcy80ODMvODFmNDQwNjMtZmZjZi00MGRkLWJlNDgtYzg0ZjNmMjkzZWE3LmpwZw.webp,https://cdr2.ximocrm.com/image-optimizer/resize:fit:1920:1080:0/aHR0cHM6Ly9tZWRpYXRvcGhvdXNlcnMueGltby5wdC8vaW1vdmVpcy80ODMvOWQ5ZmRmNmYtNzhkMS00OTA1LWFkZDItYWE3OWI1NDdlNjIxLmpwZw.webp,Sem informa√ß√£o dispon√≠vel,Sem informa√ß√£o dispon√≠vel,Sem informa√ß√£o dispon√≠vel,Sem informa√ß√£o dispon√≠vel,Sem informa√ß√£o dispon√≠vel
2026-01-23 17:27:52,Successful,https://dashboard.browse.ai/workspaces/miguel-pinto/robots/019bebe2-88cd-724f-b5f3-59f9def3c42c/history/019bebe5-618a-75f7-a822-885a59aa33c1,https://www.tophousers.com/pt/imoveis/terreno-com-projeto-aprovado-para-moradia-t3-em-um-loteamento_474/,Terreno com Projeto Aprovado para Moradia T3 em um loteamento,"Faro, Faro",250¬†000 ‚Ç¨,TOP 698,Insira o seu email,Insira o seu Nome,Insira o seu email,"277,4 m¬≤",,"277,4 m¬≤","Terreno com Projeto Aprovado em um loteamento para Moradia T3

Est√° √† procura do local ideal para construir a casa dos seus sonhos? Temos o que precisa!
üìç Terreno com 277m¬≤ localizado em um loteamento tranquilo, organizado e com excelente infraestrutura.
üìê Projeto aprovado em loteamento para moradia T3 ‚Äì Comece a construir de imediato sem burocracia!
‚úÖ Zona em crescimento
‚úÖ F√°cil acesso a servi√ßos, com√©rcio e escolas
‚úÖ Ideal para viver com conforto e qualidade de vida
üí° Aproveite esta oportunidade para investir ou morar em uma zona com grande valoriza√ß√£o!

Agende a sua visita e d√™ um passo para o pr√≥ximo n√≠vel !",Terreno Urbano,0 Quartos,Venda,N/D,N/D,Portugal,Faro,Faro,Montenegro,GAMBELAS,Isento,https://cdr1.ximocrm.com/image-optimizer/resize:fit:1920:1080:0/aHR0cHM6Ly9tZWRpYXRvcGhvdXNlcnMueGltby5wdC8vaW1vdmVpcy80NzQvMDZiN2M0ZGItY2RlYy00ODc0LWFhNzAtODk0ZjFkZGU4NTk1LmpwZw.webp,https://cdr4.ximocrm.com/image-optimizer/resize:fit:1920:1080:0/aHR0cHM6Ly9tZWRpYXRvcGhvdXNlcnMueGltby5wdC8vaW1vdmVpcy80NzQvYzFmMzkxYjktYTg3ZC00MTM1LTk2ODMtZWNiZmY0MzFlOWM5LmpwZw.webp,https://cdr2.ximocrm.com/image-optimizer/resize:fit:1920:1080:0/aHR0cHM6Ly9tZWRpYXRvcGhvdXNlcnMueGltby5wdC8vaW1vdmVpcy80NzQvMTBmYjc5MjQtMmQ1OC00MTM4LTk4MTAtNzFmYWYwNDg4M2U3LmpwZw.webp,https://cdr1.ximocrm.com/image-optimizer/resize:fit:1920:1080:0/aHR0cHM6Ly9tZWRpYXRvcGhvdXNlcnMueGltby5wdC8vaW1vdmVpcy80NzQvNDRkMTc1MWEtOTU3Ny00ZGExLTk3NjAtNTVlMzc2MmE3OWZkLmpwZw.webp,https://cdr2.ximocrm.com/image-optimizer/resize:fit:1920:1080:0/aHR0cHM6Ly9tZWRpYXRvcGhvdXNlcnMueGltby5wdC8vaW1vdmVpcy80NzQvYTFhOTQ4NTctNDYyOC00M2ZkLWFhYTUtNjEwYmRhOTJhZDBhLmpwZw.webp,https://cdr4.ximocrm.com/image-optimizer/resize:fit:1920:1080:0/aHR0cHM6Ly9tZWRpYXRvcGhvdXNlcnMueGltby5wdC8vaW1vdmVpcy80NzQvYzQ3NWRiYTktM2FhZi00YzVhLTg2MDAtYWJjNGE0MDNkYzdkLmpwZw.webp,https://cdr4.ximocrm.com/image-optimizer/resize:fit:1920:1080:0/aHR0cHM6Ly9tZWRpYXRvcGhvdXNlcnMueGltby5wdC8vaW1vdmVpcy80NzQvY2I0YWE4N2EtNzI5YS00MTNkLWJjNGItYTI3OWYzZjg5YzE3LmpwZw.webp,https://cdr2.ximocrm.com/image-optimizer/resize:fit:1920:1080:0/aHR0cHM6Ly9tZWRpYXRvcGhvdXNlcnMueGltby5wdC8vaW1vdmVpcy80NzQvOTJiYmEwYWEtMDgyZC00YjFiLWEyOTUtODM2NTUxNWFjMDA5LmpwZw.webp,https://cdr1.ximocrm.com/image-optimizer/resize:fit:1920:1080:0/aHR0cHM6Ly9tZWRpYXRvcGhvdXNlcnMueGltby5wdC8vaW1vdmVpcy80NzQvMGUwNTY2ZmUtMzZkMS00MzgxLWIxMjUtZjg4ZmMzNzg5NTQwLmpwZw.webp,https://cdr4.ximocrm.com/image-optimizer/resize:fit:1920:1080:0/aHR0cHM6Ly9tZWRpYXRvcGhvdXNlcnMueGltby5wdC8vaW1vdmVpcy80NzQvMzJjOTg5OTEtMGVlZS00NjI3LTg3ZTUtNGZhNTcxMjliYTI5LmpwZw.webp,https://cdr1.ximocrm.com/image-optimizer/resize:fit:1920:1080:0/aHR0cHM6Ly9tZWRpYXRvcGhvdXNlcnMueGltby5wdC8vaW1vdmVpcy80NzQvMDZhZmQyZjItMzc5Zi00OTYxLWI1NmYtNDAwOTgwY2QzOGIyLmpwZw.webp,https://cdr3.ximocrm.com/image-optimizer/resize:fit:1920:1080:0/aHR0cHM6Ly9tZWRpYXRvcGhvdXNlcnMueGltby5wdC8vaW1vdmVpcy80NzQvZjM1MzdhZTUtY2M5Mi00NzM1LTg2NTctNjRlYjYzMmU3M2Y4LmpwZw.webp,https://cdr3.ximocrm.com/image-optimizer/resize:fit:1920:1080:0/aHR0cHM6Ly9tZWRpYXRvcGhvdXNlcnMueGltby5wdC8vaW1vdmVpcy80NzQvNmE4ZTQ5MTAtMzUxOC00YTcwLWE3ODYtMzE4ZTRmODA2YTY2LmpwZw.webp,https://cdr4.ximocrm.com/image-optimizer/resize:fit:1920:1080:0/aHR0cHM6Ly9tZWRpYXRvcGhvdXNlcnMueGltby5wdC8vaW1vdmVpcy80NzQvNzcyMzFkOGItYWViMy00ZDkyLWJmMjktYjdkY2JiNjI4OGE3LmpwZw.webp,https://cdr4.ximocrm.com/image-optimizer/resize:fit:1920:1080:0/aHR0cHM6Ly9tZWRpYXRvcGhvdXNlcnMueGltby5wdC8vaW1vdmVpcy80NzQvMzA2MjJkNzQtZGFhYS00OGEzLThlM2ItNWExZWM5MTY4NmZmLmpwZw.webp,"Geral
√Ågua Canali. Rede p√∫blica, Electricidade, Esgotos, Moradia T√©rrea;","Natureza
Vista para Povoa√ß√£o;",Sem informa√ß√£o dispon√≠vel,Sem informa√ß√£o dispon√≠vel,Sem informa√ß√£o dispon√≠vel
2026-01-23 17:27:51,Successful,https://dashboard.browse.ai/workspaces/miguel-pinto/robots/019bebe2-88cd-724f-b5f3-59f9def3c42c/history/019bebe5-6189-7278-b3a1-0df8f4f4854d,https://www.tophousers.com/pt/imoveis/residencial-no-coracao-de-faro_397/,Residencial no Cora√ß√£o de Faro,"Faro, Faro",3¬†050¬†000 ‚Ç¨,TOP 614,30,Insira o seu Nome,Insira o seu email,,908 m¬≤,227 m¬≤,"Excelente Oportunidade de Investimento: Hotel Remodelado no Cora√ß√£o de Faro
Apresentamos um excelente hotel totalmente remodelado no centro de Faro, com uma localiza√ß√£o privilegiada e a promessa de uma experi√™ncia incompar√°vel para os seus futuros h√≥spedes. Em um dos destinos mais encantadores do Algarve, este hotel oferece a combina√ß√£o perfeita entre conforto, modernidade e a facilidade de explorar o charme hist√≥rico da cidade.
Destaques do Hotel:
Localiza√ß√£o Exclusiva: Situado no cora√ß√£o de Faro, os h√≥spedes ter√£o f√°cil acesso aos principais pontos tur√≠sticos, ruas hist√≥ricas, restaurantes e atra√ß√µes culturais da cidade ‚Äì tudo a poucos passos.
Infraestrutura e Conforto: Com 30 quartos modernos e cuidadosamente decorados, cada um com casa de banho privativa, o hotel foi projetado para proporcionar uma estadia confort√°vel e memor√°vel, elevando a experi√™ncia do visitante ao mais alto n√≠vel.
Moderniza√ß√£o Completa: Todo o edif√≠cio est√° em processo de renova√ß√£o, com previs√£o de conclus√£o para o in√≠cio de 2025, integrando tecnologia e design de ponta para atender √†s demandas do setor hoteleiro atual.
Neg√≥cio Completo: A aquisi√ß√£o inclui a propriedade e a empresa associada ao empreendimento, criando uma oportunidade completa e pronta para opera√ß√£o.
Agende ja a sua visita e de um passo para o pr√≥ximo n√≠vel!",Residencial,30 Quartos,Venda,Remodelado,1988,Portugal,Faro,Faro,Faro (S√© e S√£o Pedro),N/D,,https://cdr3.ximocrm.com/image-optimizer/resize:fit:1920:1080:0/aHR0cHM6Ly9tZWRpYXRvcGhvdXNlcnMueGltby5wdC8vaW1vdmVpcy8zOTcvMjM3NDdiNmYtODViMS00MzEyLWFlYWItNDNlYjEyYzlmOGM3LmpwZw.webp,https://cdr2.ximocrm.com/image-optimizer/resize:fit:1920:1080:0/aHR0cHM6Ly9tZWRpYXRvcGhvdXNlcnMueGltby5wdC8vaW1vdmVpcy8zOTcvYWFkNjAzZGItZGQ5NC00MTkzLTg0ZWEtN2FkNGUzODU3MDk4LmpwZw.webp,https://cdr1.ximocrm.com/image-optimizer/resize:fit:1920:1080:0/aHR0cHM6Ly9tZWRpYXRvcGhvdXNlcnMueGltby5wdC8vaW1vdmVpcy8zOTcvODlhYTY5MTItYTkzNi00OWJmLWEzNjQtOTRkODRjZTRmMWMxLmpwZw.webp,https://cdr4.ximocrm.com/image-optimizer/resize:fit:1920:1080:0/aHR0cHM6Ly9tZWRpYXRvcGhvdXNlcnMueGltby5wdC8vaW1vdmVpcy8zOTcvN2Q2OTYxNDQtNWQ3ZS00MTk1LWFhODYtZmI2YThmODRlYjNlLmpwZw.webp,https://cdr4.ximocrm.com/image-optimizer/resize:fit:1920:1080:0/aHR0cHM6Ly9tZWRpYXRvcGhvdXNlcnMueGltby5wdC8vaW1vdmVpcy8zOTcvMzczODBmNzQtYzViMi00OTZiLWJkMjItYWFlNWQzMTQ5YjZjLmpwZw.webp,https://cdr1.ximocrm.com/image-optimizer/resize:fit:1920:1080:0/aHR0cHM6Ly9tZWRpYXRvcGhvdXNlcnMueGltby5wdC8vaW1vdmVpcy8zOTcvNDFmYjUyMTUtZjM5ZC00YTRlLWIyMTUtNmMyNjA2NTE3ZWM5LmpwZw.webp,https://cdr1.ximocrm.com/image-optimizer/resize:fit:1920:1080:0/aHR0cHM6Ly9tZWRpYXRvcGhvdXNlcnMueGltby5wdC8vaW1vdmVpcy8zOTcvZDZlY2IzYmMtZjE2ZS00ZGJmLWIzMWUtODYzMTlkMDM1NTgxLmpwZw.webp,https://cdr2.ximocrm.com/image-optimizer/resize:fit:1920:1080:0/aHR0cHM6Ly9tZWRpYXRvcGhvdXNlcnMueGltby5wdC8vaW1vdmVpcy8zOTcvMWYzZjA3ZDUtZjdkNC00NWNjLWFmODQtMmVkOWM5MjBkMzc5LmpwZw.webp,https://cdr4.ximocrm.com/image-optimizer/resize:fit:1920:1080:0/aHR0cHM6Ly9tZWRpYXRvcGhvdXNlcnMueGltby5wdC8vaW1vdmVpcy8zOTcvNzVlY2JkODAtM2U2Zi00YjMyLTk0Y2ItZjRkMDc3NTk5MDAzLmpwZw.webp,https://cdr1.ximocrm.com/image-optimizer/resize:fit:1920:1080:0/aHR0cHM6Ly9tZWRpYXRvcGhvdXNlcnMueGltby5wdC8vaW1vdmVpcy8zOTcvNDQxNmJlZjktNTI0OS00MTExLTkwZmEtZjEzNzFhNmFiNWQ0LmpwZw.webp,https://cdr2.ximocrm.com/image-optimizer/resize:fit:1920:1080:0/aHR0cHM6Ly9tZWRpYXRvcGhvdXNlcnMueGltby5wdC8vaW1vdmVpcy8zOTcvNWRjNzY0OTYtNjk5OS00YmNhLWFhMjMtZDc2NzdjODljMzExLmpwZw.webp,https://cdr2.ximocrm.com/image-optimizer/resize:fit:1920:1080:0/aHR0cHM6Ly9tZWRpYXRvcGhvdXNlcnMueGltby5wdC8vaW1vdmVpcy8zOTcvOTA2M2Q0YjctNzY3NS00NzZiLWFjNTktYjA5N2Y1NGM5ZmNjLmpwZw.webp,https://cdr2.ximocrm.com/image-optimizer/resize:fit:1920:1080:0/aHR0cHM6Ly9tZWRpYXRvcGhvdXNlcnMueGltby5wdC8vaW1vdmVpcy8zOTcvOTJhYzM2OTktN2RjMC00YTdjLWEyNDUtNWJhYjRkN2NlZjRiLmpwZw.webp,https://cdr4.ximocrm.com/image-optimizer/resize:fit:1920:1080:0/aHR0cHM6Ly9tZWRpYXRvcGhvdXNlcnMueGltby5wdC8vaW1vdmVpcy8zOTcvNzMxNTEzZTgtM2Q1ZC00MjI1LWE2YTktZDViMWI1OTA0ZDA5LmpwZw.webp,https://cdr4.ximocrm.com/image-optimizer/resize:fit:1920:1080:0/aHR0cHM6Ly9tZWRpYXRvcGhvdXNlcnMueGltby5wdC8vaW1vdmVpcy8zOTcvYzgyMmUxNDMtNmJjZS00ZjI0LTk1MWYtMDE1MTJlOTgxMjJlLmpwZw.webp,"Geral
√Ågua Canali. Rede p√∫blica, Electricidade, Esgotos;","Natureza
Vista para Cidade, Ria;","Geral
Elevadores;",Sem informa√ß√£o dispon√≠vel,Sem informa√ß√£o dispon√≠vel
2026-01-23 17:27:48,Successful,https://dashboard.browse.ai/workspaces/miguel-pinto/robots/019bebe2-88cd-724f-b5f3-59f9def3c42c/history/019bebe5-618c-79c9-a854-d48c1ba108a4,https://www.tophousers.com/pt/imoveis/moradia-para-reconstrucao_439/,Moradia para reconstru√ß√£o,"Faro, Faro",220¬†000 ‚Ç¨,TOP 671,4,Insira o seu Nome,Insira o seu email,125 m¬≤,139 m¬≤,497 m¬≤,"Vende-se moradia para reconstru√ß√£o ‚Äì S√≠tio do Besouro, Faro
Oportunidade √∫nica para adquirir uma moradia em ru√≠na, com projeto em fase de execu√ß√£o para uma magn√≠fica vivenda T4.
Situada no S√≠tio do Besouro, √† sa√≠da de Faro em dire√ß√£o a S√£o Br√°s de Alportel, esta propriedade est√° inserida num terreno¬† com 497 m¬≤ e possui entrada partilhada.
O projeto prev√™ a reconstru√ß√£o de uma moradia de dois pisos com uma implanta√ß√£o de 99.6m2 a seguinte configura√ß√£o:
R√©s-do-ch√£o: um quarto em su√≠te com closet, uma casa de banho de servi√ßo, uma pequena lavandaria, e uma cozinha em open space com a sala de estar e jantar, criando um ambiente moderno e funcional.
Primeiro andar: tr√™s quartos, sendo um deles em su√≠te com closet. Uma ampla casa de banho dar√° apoio aos restantes dois quartos.
Ideal para quem procura tranquilidade, proximidade √† cidade e a possibilidade de personalizar uma casa de sonho.

Agende a sua visita e de um passo para o pr√≥ximo n√≠vel!",Moradia,4 Quartos,Venda,Para remodelar,N/D,Portugal,Faro,Faro,Concei√ß√£o e Estoi,N/D,Isento,https://cdr2.ximocrm.com/image-optimizer/resize:fit:1920:1080:0/aHR0cHM6Ly9tZWRpYXRvcGhvdXNlcnMueGltby5wdC8vaW1vdmVpcy80MzkvNTg2YzgxMzctMzRhYi00NGFlLWI1ZmEtNDkxNDU5ZGIzNjIwLmpwZw.webp,https://cdr2.ximocrm.com/image-optimizer/resize:fit:1920:1080:0/aHR0cHM6Ly9tZWRpYXRvcGhvdXNlcnMueGltby5wdC8vaW1vdmVpcy80MzkvNWE1OGUzYTYtNTg5NS00ZDFkLThiMDItNzIwNDQwZmU5MDNjLmpwZw.webp,https://cdr2.ximocrm.com/image-optimizer/resize:fit:1920:1080:0/aHR0cHM6Ly9tZWRpYXRvcGhvdXNlcnMueGltby5wdC8vaW1vdmVpcy80MzkvZWQ4N2VlMzUtZjc5MS00OTFhLTk0ZjktZTgyZjg1YWFlZjMwLmpwZw.webp,https://cdr3.ximocrm.com/image-optimizer/resize:fit:1920:1080:0/aHR0cHM6Ly9tZWRpYXRvcGhvdXNlcnMueGltby5wdC8vaW1vdmVpcy80MzkvMmIxNjgyYTEtNTQzNS00OGVkLWE0YzMtYmI4ZTgzNDUzOTk3LmpwZw.webp,https://cdr2.ximocrm.com/image-optimizer/resize:fit:1920:1080:0/aHR0cHM6Ly9tZWRpYXRvcGhvdXNlcnMueGltby5wdC8vaW1vdmVpcy80MzkvOWExODEwZDUtM2Y2OC00NTQ5LTlkNTgtZWZkYTM3ZWEwN2JhLmpwZw.webp,https://cdr2.ximocrm.com/image-optimizer/resize:fit:1920:1080:0/aHR0cHM6Ly9tZWRpYXRvcGhvdXNlcnMueGltby5wdC8vaW1vdmVpcy80MzkvMTgxMGRlOWYtNzQ4Yi00OTdmLTgwZmQtMmYyOTVjMDExZjM5LmpwZw.webp,https://cdr1.ximocrm.com/image-optimizer/resize:fit:1920:1080:0/aHR0cHM6Ly9tZWRpYXRvcGhvdXNlcnMueGltby5wdC8vaW1vdmVpcy80MzkvNDhmMDY2NmMtM2QwNC00YTc0LTkxZjAtN2E0NmU0ZDY2ZjAwLmpwZw.webp,https://cdr3.ximocrm.com/image-optimizer/resize:fit:1920:1080:0/aHR0cHM6Ly9tZWRpYXRvcGhvdXNlcnMueGltby5wdC8vaW1vdmVpcy80MzkvZjg5MTQxMGMtY2U4ZS00MTlhLThkNjUtNmUxNDg0Zjg5YTVhLmpwZw.webp,https://cdr2.ximocrm.com/image-optimizer/resize:fit:1920:1080:0/aHR0cHM6Ly9tZWRpYXRvcGhvdXNlcnMueGltby5wdC8vaW1vdmVpcy80MzkvOWZiODM4ZmItZDdjOS00ZmEwLThhZmQtMTMzZDc3NDdiZGQ4LmpwZw.webp,https://cdr2.ximocrm.com/image-optimizer/resize:fit:1920:1080:0/aHR0cHM6Ly9tZWRpYXRvcGhvdXNlcnMueGltby5wdC8vaW1vdmVpcy80MzkvZTA2NDU1YTctMmE4NS00YjliLThiNTMtNGY0NDEwZGM0ZTljLmpwZw.webp,https://cdr2.ximocrm.com/image-optimizer/resize:fit:1920:1080:0/aHR0cHM6Ly9tZWRpYXRvcGhvdXNlcnMueGltby5wdC8vaW1vdmVpcy80MzkvYTZiMGUxZDUtMTY5ZS00NTU3LWE3ZDMtY2RiYzJmM2E4YTc1LmpwZw.webp,https://cdr2.ximocrm.com/image-optimizer/resize:fit:1920:1080:0/aHR0cHM6Ly9tZWRpYXRvcGhvdXNlcnMueGltby5wdC8vaW1vdmVpcy80MzkvMTc4OGE2NjgtNDI2ZS00ZGMzLWJjMmYtOTM2ZTM1ZjllNmRhLmpwZw.webp,https://cdr3.ximocrm.com/image-optimizer/resize:fit:1920:1080:0/aHR0cHM6Ly9tZWRpYXRvcGhvdXNlcnMueGltby5wdC8vaW1vdmVpcy80MzkvYjA2N2VkOTktYWZhYS00MWJjLWI5OTYtMDQ5NGM2NzJkMGVlLmpwZw.webp,https://cdr1.ximocrm.com/image-optimizer/resize:fit:1920:1080:0/aHR0cHM6Ly9tZWRpYXRvcGhvdXNlcnMueGltby5wdC8vaW1vdmVpcy80MzkvOGU3N2Y0OGQtNWY2Ni00MWI4LTg0YmQtNjY0Mjk1MGVlZTM0LmpwZw.webp,https://cdr3.ximocrm.com/image-optimizer/resize:fit:1920:1080:0/aHR0cHM6Ly9tZWRpYXRvcGhvdXNlcnMueGltby5wdC8vaW1vdmVpcy80MzkvZmNjMmFlMjEtNzJlZS00MTNlLTkzNTItYzc1ZmQ4MTUwODc5LmpwZw.webp,Sem informa√ß√£o dispon√≠vel,Sem informa√ß√£o dispon√≠vel,Sem informa√ß√£o dispon√≠vel,Sem informa√ß√£o dispon√≠vel,Sem informa√ß√£o dispon√≠vel
2026-01-23 17:27:47,Successful,https://dashboard.browse.ai/workspaces/miguel-pinto/robots/019bebe2-88cd-724f-b5f3-59f9def3c42c/history/019bebe5-618c-7c2f-8976-72155beecde8,https://www.tophousers.com/pt/imoveis/apartamento-elegante-na-avenida-5-de-outubro-faro_178/,"Apartamento Elegante na Avenida 5 de Outubro, Faro","Faro, Faro",1¬†500 ‚Ç¨,,2,1,1,150 m¬≤,174 m¬≤,158 m¬≤,"Apartamento Elegante na Avenida 5 de Outubro, Faro

Apresentamos este maravilhoso apartamento localizado na prestigiada Avenida 5 de Outubro, em Faro. Com um design contempor√¢neo¬† funcional, este im√≥vel oferece todo o conforto e comodidade que voc√™ procura.
Ao entrar, voc√™ ser√° recebido por um amplo hall de entrada, sala ampla e luminosa, perfeita para momentos de conv√≠vio e lazer com a fam√≠lia e amigos. O apartamento conta ainda com uma pr√°tica dispensa.
A casa de banho de servi√ßo √© conveniente para visitas e uso di√°rio. O apartamento est√° separado duas √°reas distintas social e privativa, disp√µe de dois quartos espa√ßosos, ambos com roupeiros embutidos que proporcionam um excelente espa√ßo de arruma√ß√£o.
O destaque fica por conta do WC completo, que oferece um ambiente relaxante com uma excelente banheira. Al√©m disso, o im√≥vel¬† oferece uma vista fant√°stica, onde voc√™ poder√° desfrutar de momentos de tranquilidade e apreciar a beleza da cidade e da Ria Formosa.
Para completar, o apartamento inclui um espa√ßo de garagem, garantindo a seguran√ßa e comodidade para o seu ve√≠culo.
N√£o perca esta oportunidade √∫nica de viver numa das melhores localiza√ß√µes de Faro. Venha conhecer este magn√≠fico apartamento e se encante com tudo o que ele tem a oferecer.

Agende sua visita e de um passo para o pr√≥ximo n√≠vel!",Apartamento,2 Quartos,Arrendamento,Usado,1994,Portugal,Faro,Faro,Faro (S√© e S√£o Pedro),N/D,C,https://cdr4.ximocrm.com/image-optimizer/resize:fit:1920:1080:0/aHR0cHM6Ly9tZWRpYXRvcGhvdXNlcnMueGltby5wdC8vaW1vdmVpcy8xNzgvNzE3YWIwOTMtZThiMC00YWQxLTk1NmMtOWE0NzAzOGVjZThmLmpwZw.webp,https://cdr3.ximocrm.com/image-optimizer/resize:fit:1920:1080:0/aHR0cHM6Ly9tZWRpYXRvcGhvdXNlcnMueGltby5wdC8vaW1vdmVpcy8xNzgvYmYzYzU4NjgtNWNiNi00NjQ2LTliYWEtYTVkN2Q2N2I5NzEzLmpwZw.webp,https://cdr3.ximocrm.com/image-optimizer/resize:fit:1920:1080:0/aHR0cHM6Ly9tZWRpYXRvcGhvdXNlcnMueGltby5wdC8vaW1vdmVpcy8xNzgvYmIwZTYyYzAtZjI1MS00OTRlLTllZTYtOWFiYmNkMzFlY2FlLmpwZw.webp,https://cdr3.ximocrm.com/image-optimizer/resize:fit:1920:1080:0/aHR0cHM6Ly9tZWRpYXRvcGhvdXNlcnMueGltby5wdC8vaW1vdmVpcy8xNzgvYjRhNzVhYzYtODViOS00Y2FlLTkwZjUtMTdmN2UzZTFkZDVhLmpwZw.webp,https://cdr3.ximocrm.com/image-optimizer/resize:fit:1920:1080:0/aHR0cHM6Ly9tZWRpYXRvcGhvdXNlcnMueGltby5wdC8vaW1vdmVpcy8xNzgvNjUwMTc2YTctMmE1Yi00NDJlLWE5N2YtNGVjNzMzMjkzNGNlLmpwZw.webp,https://cdr2.ximocrm.com/image-optimizer/resize:fit:1920:1080:0/aHR0cHM6Ly9tZWRpYXRvcGhvdXNlcnMueGltby5wdC8vaW1vdmVpcy8xNzgvMTMyZTgyYTQtNzU0NC00MGYwLTgxYTktNjg4ZjAyMjI1ZGI5LmpwZw.webp,https://cdr3.ximocrm.com/image-optimizer/resize:fit:1920:1080:0/aHR0cHM6Ly9tZWRpYXRvcGhvdXNlcnMueGltby5wdC8vaW1vdmVpcy8xNzgvYmRiNjFhZDEtYWE1NC00YjAzLTg3YTMtZmJhNDY0MGNjNTU3LmpwZw.webp,https://cdr4.ximocrm.com/image-optimizer/resize:fit:1920:1080:0/aHR0cHM6Ly9tZWRpYXRvcGhvdXNlcnMueGltby5wdC8vaW1vdmVpcy8xNzgvN2IzMjI4NmMtNDM0MC00YTQ0LThlMzMtNmZhNmQwZDFhNjJjLmpwZw.webp,https://cdr1.ximocrm.com/image-optimizer/resize:fit:1920:1080:0/aHR0cHM6Ly9tZWRpYXRvcGhvdXNlcnMueGltby5wdC8vaW1vdmVpcy8xNzgvOGZmYWVlMTQtOTcxOS00NmVjLThhMmQtMjJhOGNkNDM3NzRjLmpwZw.webp,https://cdr3.ximocrm.com/image-optimizer/resize:fit:1920:1080:0/aHR0cHM6Ly9tZWRpYXRvcGhvdXNlcnMueGltby5wdC8vaW1vdmVpcy8xNzgvZmU4MzMwMGUtYWIzNS00NDQ1LWI1YWYtOTU3ZGUwNGQ1OWVlLmpwZw.webp,https://cdr3.ximocrm.com/image-optimizer/resize:fit:1920:1080:0/aHR0cHM6Ly9tZWRpYXRvcGhvdXNlcnMueGltby5wdC8vaW1vdmVpcy8xNzgvMmFlZTNjNzMtOThjMC00N2I0LTlmZGMtODViMWZhNWI5MWJmLmpwZw.webp,https://cdr3.ximocrm.com/image-optimizer/resize:fit:1920:1080:0/aHR0cHM6Ly9tZWRpYXRvcGhvdXNlcnMueGltby5wdC8vaW1vdmVpcy8xNzgvZmYwNDJhYzAtMGQ3MS00Mjc5LWE3MmMtMzEwYzI4ZGMzYjU1LmpwZw.webp,https://cdr3.ximocrm.com/image-optimizer/resize:fit:1920:1080:0/aHR0cHM6Ly9tZWRpYXRvcGhvdXNlcnMueGltby5wdC8vaW1vdmVpcy8xNzgvZjQ4YWU4NjctZWYwZi00YzYzLWIzMDMtYmIxN2RhNTUwN2M4LmpwZw.webp,https://cdr1.ximocrm.com/image-optimizer/resize:fit:1920:1080:0/aHR0cHM6Ly9tZWRpYXRvcGhvdXNlcnMueGltby5wdC8vaW1vdmVpcy8xNzgvZDRhYmNlMTItNDBhZS00NjE2LWExZTMtMGM2NjE0ODFlNTVlLmpwZw.webp,https://cdr3.ximocrm.com/image-optimizer/resize:fit:1920:1080:0/aHR0cHM6Ly9tZWRpYXRvcGhvdXNlcnMueGltby5wdC8vaW1vdmVpcy8xNzgvNjlhN2E0M2EtZmU2MS00ZjRjLTk4ZmQtZTU2YmJkYjkwNTM4LmpwZw.webp,Sem informa√ß√£o dispon√≠vel,Sem informa√ß√£o dispon√≠vel,Sem informa√ß√£o dispon√≠vel,Sem informa√ß√£o dispon√≠vel,Sem informa√ß√£o dispon√≠vel
2026-01-23 17:27:47,Successful,https://dashboard.browse.ai/workspaces/miguel-pinto/robots/019bebe2-88cd-724f-b5f3-59f9def3c42c/history/019bebe5-618c-77f1-80ce-fe352ff7b07e,https://www.tophousers.com/pt/imoveis/moradia-v3-em-albufeira_445/,Moradia V3 em Albufeira,"Faro, Albufeira",530¬†000 ‚Ç¨,TOP 684,3,3,1,115 m¬≤,"143,1 m¬≤","274,6 m¬≤","Moradia V3 em Albufeira com Excelente Espa√ßo Exterior e Garagem Fechada

Apresentamos esta fant√°stica moradia V3 localizada em Albufeira, ideal para quem procura conforto, espa√ßo e tranquilidade. Com uma excelente disposi√ß√£o em tr√™s pisos, esta casa oferece todas as comodidades para viver com qualidade.
No r√©s do ch√£o encontra-se uma ampla sala equipada com ar condicionado, perfeita para momentos de conv√≠vio e descanso, uma cozinha funcional, uma casa de banho e uma pr√°tica despensa.
O primeiro andar disp√µe de dois quartos com varandas, proporcionando luz natural e um ambiente acolhedor, al√©m de uma casa de banho completa.
No segundo andar, destaca-se uma espa√ßosa su√≠te com ar condicionado e varandas privativas, garantindo privacidade e conforto.
A moradia conta ainda com uma garagem fechada e um espetacular espa√ßo exterior, ideal para desfrutar do clima algarvio, com possibilidades para lazer, refei√ß√µes ao ar livre ou instala√ß√£o de uma zona de jardim.
Uma excelente oportunidade para habita√ß√£o pr√≥pria, f√©rias ou investimento. N√£o perca esta oportunidade √∫nica em Albufeira!


Agende sua visita e de um passo para o pr√≥ximo nivel|||",Moradia,3 Quartos,Venda,Usado,N/D,Portugal,Faro,Albufeira,Albufeira e Olhos de √Ågua,N/D,C,https://cdr4.ximocrm.com/image-optimizer/resize:fit:1920:1080:0/aHR0cHM6Ly9tZWRpYXRvcGhvdXNlcnMueGltby5wdC8vaW1vdmVpcy80NDUvNzI3MDU1ZjctNWJhNi00NmJkLWEwYmItNWJmOWI5MzkxNDFiLmpwZw.webp,https://cdr1.ximocrm.com/image-optimizer/resize:fit:1920:1080:0/aHR0cHM6Ly9tZWRpYXRvcGhvdXNlcnMueGltby5wdC8vaW1vdmVpcy80NDUvZGZlYWRkMzktMjc0Ni00YTY3LTlmOWItOTAxOTY3MjA1NjRhLmpwZw.webp,https://cdr1.ximocrm.com/image-optimizer/resize:fit:1920:1080:0/aHR0cHM6Ly9tZWRpYXRvcGhvdXNlcnMueGltby5wdC8vaW1vdmVpcy80NDUvZGI1ODE1YTQtZDU3Yi00YjdmLWIwYzQtNzc0MjFkZTUzMTQ4LmpwZw.webp,https://cdr2.ximocrm.com/image-optimizer/resize:fit:1920:1080:0/aHR0cHM6Ly9tZWRpYXRvcGhvdXNlcnMueGltby5wdC8vaW1vdmVpcy80NDUvNTI5N2QyYzgtMjM4YS00ZDYxLWFmNzEtNDFhZjk5MGM3YTg1LmpwZw.webp,https://cdr3.ximocrm.com/image-optimizer/resize:fit:1920:1080:0/aHR0cHM6Ly9tZWRpYXRvcGhvdXNlcnMueGltby5wdC8vaW1vdmVpcy80NDUvMmIyOWJjYzAtZTk3ZS00NGI4LWFhYzAtNjUyYjA2OTk5ZGM1LmpwZw.webp,https://cdr2.ximocrm.com/image-optimizer/resize:fit:1920:1080:0/aHR0cHM6Ly9tZWRpYXRvcGhvdXNlcnMueGltby5wdC8vaW1vdmVpcy80NDUvZTAxYjg0YjMtY2QxZi00NjliLThjZmMtYjU1ZTA3OWU0NTdlLmpwZw.webp,https://cdr2.ximocrm.com/image-optimizer/resize:fit:1920:1080:0/aHR0cHM6Ly9tZWRpYXRvcGhvdXNlcnMueGltby5wdC8vaW1vdmVpcy80NDUvZWM4NzdmYjctMDViMi00NTM0LWFkMDAtZmMxOWViOTNlNTQ3LmpwZw.webp,https://cdr3.ximocrm.com/image-optimizer/resize:fit:1920:1080:0/aHR0cHM6Ly9tZWRpYXRvcGhvdXNlcnMueGltby5wdC8vaW1vdmVpcy80NDUvZmE3ZTA4MmUtODc3YS00OTJlLWFiNDYtZGUzMzVhNTJkYjRkLmpwZw.webp,https://cdr4.ximocrm.com/image-optimizer/resize:fit:1920:1080:0/aHR0cHM6Ly9tZWRpYXRvcGhvdXNlcnMueGltby5wdC8vaW1vdmVpcy80NDUvNzYyODE1ZmYtZDcwMi00YWM1LThjNmItNGE3NjRkYzM4YjViLmpwZw.webp,https://cdr1.ximocrm.com/image-optimizer/resize:fit:1920:1080:0/aHR0cHM6Ly9tZWRpYXRvcGhvdXNlcnMueGltby5wdC8vaW1vdmVpcy80NDUvMDVjMTBkZDItMjUxOC00ZmFhLWEzYmUtYWE0YWZkNTBiZGVjLmpwZw.webp,https://cdr2.ximocrm.com/image-optimizer/resize:fit:1920:1080:0/aHR0cHM6Ly9tZWRpYXRvcGhvdXNlcnMueGltby5wdC8vaW1vdmVpcy80NDUvNWFlODU3NjQtMGUzNC00MmVkLWIxNDctZjg1ZTg1ODJjOGUwLmpwZw.webp,https://cdr2.ximocrm.com/image-optimizer/resize:fit:1920:1080:0/aHR0cHM6Ly9tZWRpYXRvcGhvdXNlcnMueGltby5wdC8vaW1vdmVpcy80NDUvMTBkMzk3ZWMtZDIwMy00YzBmLTkyZGQtMDZjYWQyYTNkOTdjLmpwZw.webp,https://cdr2.ximocrm.com/image-optimizer/resize:fit:1920:1080:0/aHR0cHM6Ly9tZWRpYXRvcGhvdXNlcnMueGltby5wdC8vaW1vdmVpcy80NDUvZTI0Yzk1ZDYtYmJkMy00ZTkzLTlhMGEtNDdlNWMwZGNiNWMwLmpwZw.webp,https://cdr1.ximocrm.com/image-optimizer/resize:fit:1920:1080:0/aHR0cHM6Ly9tZWRpYXRvcGhvdXNlcnMueGltby5wdC8vaW1vdmVpcy80NDUvZGFmNGM3NTYtYWM4ZC00MWFlLThlY2EtMmRjYWMyYjI2YWUzLmpwZw.webp,https://cdr2.ximocrm.com/image-optimizer/resize:fit:1920:1080:0/aHR0cHM6Ly9tZWRpYXRvcGhvdXNlcnMueGltby5wdC8vaW1vdmVpcy80NDUvMTM2NDFlMjItNWNkZi00OTg3LWFhMTgtOTRlY2E0Mzk1MmY3LmpwZw.webp,Sem informa√ß√£o dispon√≠vel,Sem informa√ß√£o dispon√≠vel,Sem informa√ß√£o dispon√≠vel,Sem informa√ß√£o dispon√≠vel,Sem informa√ß√£o dispon√≠vel
2026-01-23 17:27:45,Successful,https://dashboard.browse.ai/workspaces/miguel-pinto/robots/019bebe2-88cd-724f-b5f3-59f9def3c42c/history/019bebe5-618b-7639-b2f8-2e54e58ed5d1,https://www.tophousers.com/pt/imoveis/apartamento-t3-em-olhao-com-garagem_470/,Apartamento T3 em Olh√£o com garagem,"Faro, Olh√£o",404¬†750 ‚Ç¨,TOP 694,3,Insira o seu Nome,Insira o seu email,96 m¬≤,129 m¬≤,"106,6 m¬≤","Apartamento T3 em Olh√£o com garagem¬†

Sofistica√ß√£o e Conforto a Dois Minutos do Centro
Descubra este elegante apartamento T3, inserido num condom√≠nio de arquitetura moderna e requintada.
Com √°reas amplas e uma disposi√ß√£o inteligente, o im√≥vel foi projetado para oferecer o m√°ximo em conforto, funcionalidade e estilo de vida contempor√¢neo.
Destaques do Im√≥vel
üîπ Design Moderno e Funcional
Composto por um acolhedor hall de entrada, espa√ßosa sala de estar em conceito aberto integrada √† cozinha equipada, al√©m de um terra√ßo perfeito para momentos de relaxamento.
üîπ Conforto e Privacidade
Dois quartos generosos ‚Äî incluindo uma su√≠te com roupeiro embutido e um segundo quarto com varanda privativa. A segunda casa de banho oferece praticidade adicional e alto padr√£o de acabamento.
üîπ Tecnologia e Bem-Estar
Pr√©-instala√ß√£o de ar condicionado, vidros duplos e isolamento que garantem conforto t√©rmico e ac√∫stico durante todas as esta√ß√µes do ano.
üîπ Condom√≠nio Exclusivo
Infraestrutura completa com piscina comum, garagem privativa e elegantes √°reas de lazer. Alguns apartamentos oferecem vistas deslumbrantes sobre a Ria Formosa ‚Äî um verdadeiro privil√©gio visual.
üîπ Localiza√ß√£o Estrat√©gica
Apenas 2 minutos do centro da cidade, com f√°cil acesso a servi√ßos, com√©rcio e lazer. Uma excelente oportunidade tanto para resid√™ncia permanente quanto para investimento de alta rentabilidade.
Agende a sua visita e d√™ um passo para o pr√≥ximo n√≠vel!",Apartamento,3 Quartos,Venda,Novo,2024,Portugal,Faro,Olh√£o,Quelfes,N/D,B-,https://cdr4.ximocrm.com/image-optimizer/resize:fit:1920:1080:0/aHR0cHM6Ly9tZWRpYXRvcGhvdXNlcnMueGltby5wdC8vaW1vdmVpcy80NzAvY2ZkZTEwYTItMzZkOS00MGY4LTkyNmMtYzZkNzMzYmQ4NjU1LmpwZw.webp,https://cdr4.ximocrm.com/image-optimizer/resize:fit:1920:1080:0/aHR0cHM6Ly9tZWRpYXRvcGhvdXNlcnMueGltby5wdC8vaW1vdmVpcy80NzAvY2VlNjZmZDQtODYwNS00OTJjLWEwZGMtM2M3YTIyMDliNjcxLmpwZw.webp,https://cdr1.ximocrm.com/image-optimizer/resize:fit:1920:1080:0/aHR0cHM6Ly9tZWRpYXRvcGhvdXNlcnMueGltby5wdC8vaW1vdmVpcy80NzAvZDE0MWYzYWItZjUyMC00MDMzLTgxOWQtYTY2NzdiN2IwYTJmLmpwZw.webp,https://cdr2.ximocrm.com/image-optimizer/resize:fit:1920:1080:0/aHR0cHM6Ly9tZWRpYXRvcGhvdXNlcnMueGltby5wdC8vaW1vdmVpcy80NzAvMTUxMmFiOWUtOWYyZi00ZmExLThiYmQtOTExMTA4MTk0NDdmLmpwZw.webp,https://cdr4.ximocrm.com/image-optimizer/resize:fit:1920:1080:0/aHR0cHM6Ly9tZWRpYXRvcGhvdXNlcnMueGltby5wdC8vaW1vdmVpcy80NzAvYzYyOTkxNGItYjc5ZS00NzBiLTk5YmUtMGFiYTkwMmE5ZGJmLmpwZw.webp,https://cdr3.ximocrm.com/image-optimizer/resize:fit:1920:1080:0/aHR0cHM6Ly9tZWRpYXRvcGhvdXNlcnMueGltby5wdC8vaW1vdmVpcy80NzAvZjkwYzY4NTUtOTc4NC00YTFlLTkxNjYtZDdkNzhiZmQ1MTlkLmpwZw.webp,https://cdr1.ximocrm.com/image-optimizer/resize:fit:1920:1080:0/aHR0cHM6Ly9tZWRpYXRvcGhvdXNlcnMueGltby5wdC8vaW1vdmVpcy80NzAvMGJlYjgzNjktZTFhOC00NDQ4LTliOGYtZTM0Yzc2OTMxY2QxLmpwZw.webp,https://cdr3.ximocrm.com/image-optimizer/resize:fit:1920:1080:0/aHR0cHM6Ly9tZWRpYXRvcGhvdXNlcnMueGltby5wdC8vaW1vdmVpcy80NzAvNmY0NTRjZGYtMWZmZS00NTJkLTkzMjItMDFhYzlkZGUxYzhhLmpwZw.webp,https://cdr3.ximocrm.com/image-optimizer/resize:fit:1920:1080:0/aHR0cHM6Ly9tZWRpYXRvcGhvdXNlcnMueGltby5wdC8vaW1vdmVpcy80NzAvZjVjMTFjNjEtMDBlNi00MzhkLTk3OTItYTgxOGVmYjBkYWM4LmpwZw.webp,https://cdr3.ximocrm.com/image-optimizer/resize:fit:1920:1080:0/aHR0cHM6Ly9tZWRpYXRvcGhvdXNlcnMueGltby5wdC8vaW1vdmVpcy80NzAvNjEzMDQ1ZTQtN2U3My00NWU4LTgwNGItN2JhMDhiMjRjNWQzLmpwZw.webp,https://cdr3.ximocrm.com/image-optimizer/resize:fit:1920:1080:0/aHR0cHM6Ly9tZWRpYXRvcGhvdXNlcnMueGltby5wdC8vaW1vdmVpcy80NzAvMmEyNTI3YWQtMDY4Zi00MWI0LTllZTQtOGM1OGVmODlhYzAwLmpwZw.webp,https://cdr1.ximocrm.com/image-optimizer/resize:fit:1920:1080:0/aHR0cHM6Ly9tZWRpYXRvcGhvdXNlcnMueGltby5wdC8vaW1vdmVpcy80NzAvOGVmMTVlMTgtN2RkZC00NTc4LWJkNWItYmE0NTE0MmMxZmY0LmpwZw.webp,https://cdr2.ximocrm.com/image-optimizer/resize:fit:1920:1080:0/aHR0cHM6Ly9tZWRpYXRvcGhvdXNlcnMueGltby5wdC8vaW1vdmVpcy80NzAvMTEzNDAwNmItZDU4Ny00M2EwLTkzZjMtMDAzOTY4MWZhNGFmLmpwZw.webp,https://cdr4.ximocrm.com/image-optimizer/resize:fit:1920:1080:0/aHR0cHM6Ly9tZWRpYXRvcGhvdXNlcnMueGltby5wdC8vaW1vdmVpcy80NzAvNzA0YjM4NmYtYTgwMy00ZGM2LTlkNmMtZDcyOGMyNzNlM2FkLmpwZw.webp,https://cdr3.ximocrm.com/image-optimizer/resize:fit:1920:1080:0/aHR0cHM6Ly9tZWRpYXRvcGhvdXNlcnMueGltby5wdC8vaW1vdmVpcy80NzAvNjljNDE5YTktNDg2Yi00NzAzLWIzMTYtZjBjYzFkNGZiZmMyLmpwZw.webp,"Geral
√Ågua Canali. Rede pr√≥pria, Electricidade, Roupeiros embutidos, Saneamento, Esgotos;","Natureza
Marina, Vista para Cidade, Ria;","Geral
Elevadores, Lugar de garagem;",Sem informa√ß√£o dispon√≠vel,Sem informa√ß√£o dispon√≠vel
2026-01-23 17:27:39,Successful,https://dashboard.browse.ai/workspaces/miguel-pinto/robots/019bebe2-88cd-724f-b5f3-59f9def3c42c/history/019bebe5-618a-7bd8-9b40-de24af14d704,https://www.tophousers.com/pt/imoveis/moradia-t4-no-coracao-de-loule-com-piscina-e-garagem_328/,Moradia T4 no cora√ß√£o de Loul√© com piscina e garagem,"Faro, Loul√©",1¬†100¬†000 ‚Ç¨,TOP 513,4,5,2,293 m¬≤,375 m¬≤,397 m¬≤,"Resid√™ncia Contempor√¢nea em Constru√ß√£o em Loul√©: Personalize o Seu Estilo de Vida Moderno
Situada no cora√ß√£o de Loul√©, esta resid√™ncia contempor√¢nea √© um convite para um estilo de vida moderno e sofisticado. Atualmente em fase de constru√ß√£o, esta propriedade oferece a oportunidade √∫nica de moldar o seu futuro lar de acordo com as suas pr√≥prias prefer√™ncias.
Principais Caracter√≠sticas:
Localiza√ß√£o: No cora√ß√£o de Loul√©.
Design Moderno: Uma arquitetura contempor√¢nea com acabamentos de alta qualidade.
Personaliza√ß√£o: Fase de constru√ß√£o permite ajustes personalizados nos acabamentos.
√Åreas de Destaque: Piscina privativa e espa√ßosa garagem para v√°rios carros na cave.
Design e Acabamentos: Esta resid√™ncia destaca-se pelo design moderno e pela aten√ß√£o aos detalhes. A fase atual de constru√ß√£o permite que personalize os acabamentos, criando assim um espa√ßo que reflete o seu gosto pessoal.
Lazer Privativo: A propriedade inclui uma piscina privativa, proporcionando um espa√ßo relaxante e convidativo para desfrutar do clima ameno de Loul√©.
A espa√ßosa garagem na cave oferece comodidade e seguran√ßa para v√°rios ve√≠culos.
Localiza√ß√£o e Acessibilidade: Beneficie de √≥timos acessos a comodidades locais, entretenimento e servi√ßos. Esta resid√™ncia contempor√¢nea coloca voc√™ no centro de uma comunidade vibrante e cultural.
Personalize o Seu Espa√ßo: A flexibilidade de personaliza√ß√£o nesta fase de constru√ß√£o √© uma oportunidade √∫nica. Desde escolher esquemas de cores at√© selecionar materiais, esta √© a chance de criar a casa dos seus sonhos.
Se procura uma casa que combine estilo contempor√¢neo, personaliza√ß√£o e uma localiza√ß√£o privilegiada, esta √© uma oportunidade imperd√≠vel.
Para mais informa√ß√µes ou para agendar uma visita ao local, entre em contato.
Viva a modernidade, viva em Loul√©!

Agende a sua visita e de um passo para o pr√≥ximo nivel!",Moradia,4 Quartos,Venda,Novo,2024,Portugal,Faro,Loul√©,Loul√© (S√£o Clemente),N/D,A,https://cdr4.ximocrm.com/image-optimizer/resize:fit:1920:1080:0/aHR0cHM6Ly9tZWRpYXRvcGhvdXNlcnMueGltby5wdC8vaW1vdmVpcy8zMjgvNzRiNjA2ZTItMDliZC00NzViLTgwMWYtMjQwY2JlYmQwM2FlLmpwZw.webp,https://cdr2.ximocrm.com/image-optimizer/resize:fit:1920:1080:0/aHR0cHM6Ly9tZWRpYXRvcGhvdXNlcnMueGltby5wdC8vaW1vdmVpcy8zMjgvNWFkODk5MDMtYTgzNS00ZWQxLThkZmUtMjc3OTg4ZjkyMjc0LmpwZw.webp,https://cdr3.ximocrm.com/image-optimizer/resize:fit:1920:1080:0/aHR0cHM6Ly9tZWRpYXRvcGhvdXNlcnMueGltby5wdC8vaW1vdmVpcy8zMjgvZmM5ZWM0YTgtZDU2OC00MzU1LTlkZjQtNTRiNDBkMmQ0MzIyLmpwZw.webp,https://cdr2.ximocrm.com/image-optimizer/resize:fit:1920:1080:0/aHR0cHM6Ly9tZWRpYXRvcGhvdXNlcnMueGltby5wdC8vaW1vdmVpcy8zMjgvMTA4ZGQ0N2QtMjA5OS00ZWY0LWE4YTQtMTBjZjkyNzEwNTYwLmpwZw.webp,https://cdr1.ximocrm.com/image-optimizer/resize:fit:1920:1080:0/aHR0cHM6Ly9tZWRpYXRvcGhvdXNlcnMueGltby5wdC8vaW1vdmVpcy8zMjgvMGIyYTlmOTgtMjdlNS00NGFiLTlhNzYtNGE5ODA2ZjRhNjMwLmpwZw.webp,https://cdr1.ximocrm.com/image-optimizer/resize:fit:1920:1080:0/aHR0cHM6Ly9tZWRpYXRvcGhvdXNlcnMueGltby5wdC8vaW1vdmVpcy8zMjgvNDQ0ZmVmYzQtOTllMy00NDgzLTkwYWUtMmYzMTlkM2U2MTFkLmpwZw.webp,https://cdr2.ximocrm.com/image-optimizer/resize:fit:1920:1080:0/aHR0cHM6Ly9tZWRpYXRvcGhvdXNlcnMueGltby5wdC8vaW1vdmVpcy8zMjgvYTgxYzNiMWEtMTRjYi00MzUyLWE0NjQtNzA4YmRkMTk2OTkyLmpwZw.webp,https://cdr1.ximocrm.com/image-optimizer/resize:fit:1920:1080:0/aHR0cHM6Ly9tZWRpYXRvcGhvdXNlcnMueGltby5wdC8vaW1vdmVpcy8zMjgvNDJhYTUxMGQtNDRhOS00MjU4LTgyYzQtOTY0YTNhZmNkMjYxLmpwZw.webp,https://cdr2.ximocrm.com/image-optimizer/resize:fit:1920:1080:0/aHR0cHM6Ly9tZWRpYXRvcGhvdXNlcnMueGltby5wdC8vaW1vdmVpcy8zMjgvNTU1N2I3ZWMtZGVmOC00YTE4LTg1NTEtZTYyMTNmZmU2NWIxLmpwZw.webp,https://cdr1.ximocrm.com/image-optimizer/resize:fit:1920:1080:0/aHR0cHM6Ly9tZWRpYXRvcGhvdXNlcnMueGltby5wdC8vaW1vdmVpcy8zMjgvNDVmYTBkNzktODM0YS00ODFlLTk3MDMtMDE5OTdlNDg1ZDk2LmpwZw.webp,https://cdr4.ximocrm.com/image-optimizer/resize:fit:1920:1080:0/aHR0cHM6Ly9tZWRpYXRvcGhvdXNlcnMueGltby5wdC8vaW1vdmVpcy8zMjgvMzliZmNjYWMtYjc0MS00ZDUxLTk4ZjUtMzY2YTdhZjI1OTEwLmpwZw.webp,https://cdr2.ximocrm.com/image-optimizer/resize:fit:1920:1080:0/aHR0cHM6Ly9tZWRpYXRvcGhvdXNlcnMueGltby5wdC8vaW1vdmVpcy8zMjgvOTViYzllYjYtYzI1YS00NzkzLWIzOTUtZWEwNzY4MWRlMGJiLmpwZw.webp,https://cdr4.ximocrm.com/image-optimizer/resize:fit:1920:1080:0/aHR0cHM6Ly9tZWRpYXRvcGhvdXNlcnMueGltby5wdC8vaW1vdmVpcy8zMjgvM2QxNTM2OTEtNjk3NS00YjE3LWE0MWUtNmFkNmUwODQ0MzkzLmpwZw.webp,https://cdr2.ximocrm.com/image-optimizer/resize:fit:1920:1080:0/aHR0cHM6Ly9tZWRpYXRvcGhvdXNlcnMueGltby5wdC8vaW1vdmVpcy8zMjgvMTBmMDlmYWUtMmNjZS00MWYzLWFhNTUtN2YyMDRiNjE3NGFmLmpwZw.webp,https://cdr2.ximocrm.com/image-optimizer/resize:fit:1920:1080:0/aHR0cHM6Ly9tZWRpYXRvcGhvdXNlcnMueGltby5wdC8vaW1vdmVpcy8zMjgvNTU4ZTI1MzUtODY3Ni00MzNhLWEzMzItYjc0YWYwOWNiYzEzLmpwZw.webp,"Geral
√Ågua Canali. Rede p√∫blica, Electricidade, Porta Blindada/Seguran√ßa, Roupeiros embutidos, Saneamento, Video Porteiro Cores, Murado, Vedado, Esgotos, Moradia T√©rrea;","Natureza
Vista para Cidade, Vista para Espa√ßos Verdes;","Geral
Garagem fechada;",Sem informa√ß√£o dispon√≠vel,"Aquecimento e √Åguas
Pain√©is Solares Fotovoltaicos;"
2026-01-23 17:27:38,Successful,https://dashboard.browse.ai/workspaces/miguel-pinto/robots/019bebe2-88cd-724f-b5f3-59f9def3c42c/history/019bebe5-618a-75e7-b3ad-ff758d00796b,https://www.tophousers.com/pt/imoveis/terreno-rustico_373/,Terreno R√∫stico,"Faro, Faro",37¬†000 ‚Ç¨,TOP 572,Insira o seu email,Insira o seu Nome,Insira o seu email,,2740 m¬≤,2740 m¬≤,"Terreno R√∫stico
Apresentamos uma rara oportunidade de adquirir um terreno r√∫stico localizado em um cen√°rio de beleza natural incompar√°vel. Com uma √°rea total de 2740m2¬† quadrados, este terreno oferece um ref√∫gio tranquilo, perfeito para quem busca um local para relaxar e se reconectar com a natureza.
Caracter√≠sticas do Terreno:
Localiza√ß√£o: Situado na pitoresca regi√£o de Guilhim, Faro¬†o terreno √© facilmente acess√≠vel e ao mesmo tempo proporciona a privacidade desejada para um ambiente campestre.
Paisagem: Envolto por uma vegeta√ß√£o exuberante, o terreno possui uma topografia variada que inclui √°reas planas, ideais para diversas atividades ao ar livre.
Uso Potencial: Perfeito ¬†para atividades de agricultura sustent√°vel, apicultura, equestre, entre outras possibilidades.
Benef√≠cios Adicionais:
Tranquilidade e Privacidade: O terreno oferece um ambiente sereno, longe do barulho da cidade, ideal para quem busca um retiro pessoal.¬†
Oportunidade de Investimento: Com a valoriza√ß√£o crescente das propriedades rurais, este terreno representa uma excelente oportunidade de investimento a m√©dio e longo prazo.
Cultura e Tradi√ß√£o: Localizado pr√≥ximo a vilarejos o terreno proporciona acesso f√°cil a eventos culturais e tradicionais da regi√£o, enriquecendo ainda mais a experi√™ncia de viver em um ambiente rural.
Agende a sua visita e d√™ um passo para o pr√≥ximo n√≠vel.",Terreno R√∫stico,0 Quartos,Venda,Usado,N/D,Portugal,Faro,Faro,Concei√ß√£o e Estoi,N/D,Isento,https://cdr1.ximocrm.com/image-optimizer/resize:fit:1920:1080:0/aHR0cHM6Ly9tZWRpYXRvcGhvdXNlcnMueGltby5wdC8vaW1vdmVpcy8zNzMvODcwY2U4NTMtNjg3OS00NGU1LTlmNmYtZTI3NTg1MDdiOWQxLmpwZw.webp,https://cdr1.ximocrm.com/image-optimizer/resize:fit:1920:1080:0/aHR0cHM6Ly9tZWRpYXRvcGhvdXNlcnMueGltby5wdC8vaW1vdmVpcy8zNzMvOGQ1NDZlMWQtYzMxYy00NzRjLWI4NjUtODMwYjMxMjMxZWFhLmpwZw.webp,https://cdr2.ximocrm.com/image-optimizer/resize:fit:1920:1080:0/aHR0cHM6Ly9tZWRpYXRvcGhvdXNlcnMueGltby5wdC8vaW1vdmVpcy8zNzMvNWRhOWZlMTYtODViMC00YWY1LTliZWItNTJlNDMyMTEyYWQ2LmpwZw.webp,https://cdr2.ximocrm.com/image-optimizer/resize:fit:1920:1080:0/aHR0cHM6Ly9tZWRpYXRvcGhvdXNlcnMueGltby5wdC8vaW1vdmVpcy8zNzMvYTI1NzMxNDktZDUxYi00NDMxLThjMWMtODYxYzFhZmU0NTlhLmpwZw.webp,https://cdr2.ximocrm.com/image-optimizer/resize:fit:1920:1080:0/aHR0cHM6Ly9tZWRpYXRvcGhvdXNlcnMueGltby5wdC8vaW1vdmVpcy8zNzMvOWNkZWU1MzEtZTA1NS00NTI0LTliZTctMGZkM2IyYjQyNDk4LmpwZw.webp,https://cdr1.ximocrm.com/image-optimizer/resize:fit:1920:1080:0/aHR0cHM6Ly9tZWRpYXRvcGhvdXNlcnMueGltby5wdC8vaW1vdmVpcy8zNzMvOGIzNjNhODAtMmIxMi00NTdiLTg3ZjUtYzljY2UyYTYyMzMwLmpwZw.webp,https://cdr4.ximocrm.com/image-optimizer/resize:fit:1920:1080:0/aHR0cHM6Ly9tZWRpYXRvcGhvdXNlcnMueGltby5wdC8vaW1vdmVpcy8zNzMvYzlmYjAwMTEtOWNiMy00MDM0LWJjOWMtZGE2ZmMxNzhmYTgzLmpwZw.webp,https://cdr3.ximocrm.com/image-optimizer/resize:fit:1920:1080:0/aHR0cHM6Ly9tZWRpYXRvcGhvdXNlcnMueGltby5wdC8vaW1vdmVpcy8zNzMvYjgxZjhkMTYtZDIxNy00YTBjLTkyOWEtOTY3MzFkOTZkM2EzLmpwZw.webp,https://cdr2.ximocrm.com/image-optimizer/resize:fit:1920:1080:0/aHR0cHM6Ly9tZWRpYXRvcGhvdXNlcnMueGltby5wdC8vaW1vdmVpcy8zNzMvYTEwM2I1ZjctYmUyYy00NjgzLTljZmMtMDkwZmU3MTU2NDZhLmpwZw.webp,https://cdr3.ximocrm.com/image-optimizer/resize:fit:1920:1080:0/aHR0cHM6Ly9tZWRpYXRvcGhvdXNlcnMueGltby5wdC8vaW1vdmVpcy8zNzMvMjlkODUxZWEtYmY3My00ODI4LWIxNGMtMDNkOTdiOGZmM2FmLmpwZw.webp,https://cdr4.ximocrm.com/image-optimizer/resize:fit:1920:1080:0/aHR0cHM6Ly9tZWRpYXRvcGhvdXNlcnMueGltby5wdC8vaW1vdmVpcy8zNzMvY2JiZjRlOWItMWI2My00ZDk5LTk3OTUtYjc4NzYzYzUwZWQ4LmpwZw.webp,https://cdr1.ximocrm.com/image-optimizer/resize:fit:1920:1080:0/aHR0cHM6Ly9tZWRpYXRvcGhvdXNlcnMueGltby5wdC8vaW1vdmVpcy8zNzMvZDI4N2FjNTctMmI5Mi00M2IyLWE3ZTItYmMxN2VjYTViZTIwLmpwZw.webp,https://cdr4.ximocrm.com/image-optimizer/resize:fit:1920:1080:0/aHR0cHM6Ly9tZWRpYXRvcGhvdXNlcnMueGltby5wdC8vaW1vdmVpcy8zNzMvN2M0M2ZiYTgtZTcwYi00NDQyLWFhNmEtNDFjNGUzZGMyZWNlLmpwZw.webp,https://cdr3.ximocrm.com/image-optimizer/resize:fit:1920:1080:0/aHR0cHM6Ly9tZWRpYXRvcGhvdXNlcnMueGltby5wdC8vaW1vdmVpcy8zNzMvYjc2N2IyNDktMWMwOC00ODc0LWE4MTYtMGU4MzNjZGRhNzU4LmpwZw.webp,https://cdr1.ximocrm.com/image-optimizer/resize:fit:1920:1080:0/aHR0cHM6Ly9tZWRpYXRvcGhvdXNlcnMueGltby5wdC8vaW1vdmVpcy8zNzMvNDk2MmE2Y2MtZmE5MC00NjlmLTlkMzctYjdkN2MzZjA5YzExLmpwZw.webp,Sem informa√ß√£o dispon√≠vel,Sem informa√ß√£o dispon√≠vel,Sem informa√ß√£o dispon√≠vel,Sem informa√ß√£o dispon√≠vel,Sem informa√ß√£o dispon√≠vel
2026-01-23 17:27:37,Successful,https://dashboard.browse.ai/workspaces/miguel-pinto/robots/019bebe2-88cd-724f-b5f3-59f9def3c42c/history/019bebe5-6189-785f-8cb6-7b1872e740ef,https://www.tophousers.com/pt/imoveis/apartamento-t3-remodelado-na-primeira-linha-de-mar-quarteira_465/,Apartamento T3 Remodelado na Primeira Linha de Mar ‚Äì Quarteira,"Faro, Loul√©",1¬†390¬†000 ‚Ç¨,TOP 692,3,Insira o seu Nome,Insira o seu email,90 m¬≤,"130,4 m¬≤","96,5 m¬≤","Apartamento T3 Remodelado na Primeira Linha¬† Mar ‚Äì Quarteira

Apresentamos este excelente apartamento T3 situado em Quarteira, em primeira linha de mar, a escassos metros da praia.
Localizado no 1¬∫ andar de um pr√©dio bem conservado, este im√≥vel oferece conforto, funcionalidade e uma localiza√ß√£o privilegiada.
O apartamento foi totalmente remodelado e disp√µe de:
3 quartos espa√ßosos, todos com roupeiros embutidos;
2 casas de banho modernas, cuidadosamente renovadas;
Cozinha totalmente equipada, com eletrodom√©sticos inclu√≠dos;
Despensa pr√°tica, ideal para arruma√ß√£o adicional;
Varandas com vista agrad√°vel, perfeitas para desfrutar do clima algarvio;
Espa√ßo de garagem privativo, uma mais-valia na zona e uma arrecada√ß√£o na cave.
Ideal para resid√™ncia permanente, f√©rias ou investimento, esta propriedade oferece o equil√≠brio perfeito entre conforto e localiza√ß√£o.

Agende j√° a sua visita e d√™ um passo para o pr√≥ximo n√≠vel!",Apartamento,3 Quartos,Venda,Remodelado,1994,Portugal,Faro,Loul√©,Quarteira,N/D,C,https://cdr2.ximocrm.com/image-optimizer/resize:fit:1920:1080:0/aHR0cHM6Ly9tZWRpYXRvcGhvdXNlcnMueGltby5wdC8vaW1vdmVpcy80NjUvYTM3MmJiYjgtZWYxMC00MzJjLTg0NTYtMWExZWM2YjI5MDVlLmpwZw.webp,https://cdr1.ximocrm.com/image-optimizer/resize:fit:1920:1080:0/aHR0cHM6Ly9tZWRpYXRvcGhvdXNlcnMueGltby5wdC8vaW1vdmVpcy80NjUvNGY4NzIyOWYtNWM2My00MjZlLWI5OTAtMTFhNDczMWQ4NmNkLmpwZw.webp,https://cdr1.ximocrm.com/image-optimizer/resize:fit:1920:1080:0/aHR0cHM6Ly9tZWRpYXRvcGhvdXNlcnMueGltby5wdC8vaW1vdmVpcy80NjUvZDY3MzI3OGUtZDM3ZC00M2U2LWI0MjUtZjY3ZmU4YzJlOTc1LmpwZw.webp,https://cdr2.ximocrm.com/image-optimizer/resize:fit:1920:1080:0/aHR0cHM6Ly9tZWRpYXRvcGhvdXNlcnMueGltby5wdC8vaW1vdmVpcy80NjUvNTdlNDM1ODUtYmQwMy00NTEyLTgzMDYtYTk2NmY3NGJkMzA5LmpwZw.webp,https://cdr4.ximocrm.com/image-optimizer/resize:fit:1920:1080:0/aHR0cHM6Ly9tZWRpYXRvcGhvdXNlcnMueGltby5wdC8vaW1vdmVpcy80NjUvM2Y0MTA0MzctZDM2OC00Mjk5LWJkNTgtZDI0MTUxZWE3YmY2LmpwZw.webp,https://cdr3.ximocrm.com/image-optimizer/resize:fit:1920:1080:0/aHR0cHM6Ly9tZWRpYXRvcGhvdXNlcnMueGltby5wdC8vaW1vdmVpcy80NjUvNmM5OTg5ZDctMzViMS00Mjg2LTg1ZDEtNzFmZTI1OWU3M2EzLmpwZw.webp,https://cdr1.ximocrm.com/image-optimizer/resize:fit:1920:1080:0/aHR0cHM6Ly9tZWRpYXRvcGhvdXNlcnMueGltby5wdC8vaW1vdmVpcy80NjUvMGM5ZDA1ZWQtMjU0Zi00NjQwLTkyOGUtYzJmMTM1MTQ5NjcyLmpwZw.webp,https://cdr4.ximocrm.com/image-optimizer/resize:fit:1920:1080:0/aHR0cHM6Ly9tZWRpYXRvcGhvdXNlcnMueGltby5wdC8vaW1vdmVpcy80NjUvMzE0ZjU0MjYtMDYxNi00ZjUyLWFlMzctNGMyMTUxNzVjYmNkLmpwZw.webp,https://cdr2.ximocrm.com/image-optimizer/resize:fit:1920:1080:0/aHR0cHM6Ly9tZWRpYXRvcGhvdXNlcnMueGltby5wdC8vaW1vdmVpcy80NjUvZWI1Y2ZiNGQtOGI5ZC00ZGRiLTk5YjgtMDA0YWEyOGZkMjRjLmpwZw.webp,https://cdr1.ximocrm.com/image-optimizer/resize:fit:1920:1080:0/aHR0cHM6Ly9tZWRpYXRvcGhvdXNlcnMueGltby5wdC8vaW1vdmVpcy80NjUvZDUwY2ExYzQtNjFmZi00MDRjLTg1MzMtNDgxZTkyMDk5ZjFkLmpwZw.webp,https://cdr1.ximocrm.com/image-optimizer/resize:fit:1920:1080:0/aHR0cHM6Ly9tZWRpYXRvcGhvdXNlcnMueGltby5wdC8vaW1vdmVpcy80NjUvOGRiYTYwOGItMDJlOC00NmVkLThlYTEtYTkxZjQ4NDc1NzQyLmpwZw.webp,https://cdr3.ximocrm.com/image-optimizer/resize:fit:1920:1080:0/aHR0cHM6Ly9tZWRpYXRvcGhvdXNlcnMueGltby5wdC8vaW1vdmVpcy80NjUvMmU1NzI2OGItNjY1Ni00Y2RjLWI1NGMtZDI4MDQ0MzUzMWE2LmpwZw.webp,https://cdr1.ximocrm.com/image-optimizer/resize:fit:1920:1080:0/aHR0cHM6Ly9tZWRpYXRvcGhvdXNlcnMueGltby5wdC8vaW1vdmVpcy80NjUvZDU4MDQ1ZTItNTcxNi00Mjc2LWExYzEtM2RjZjU5NDEyNzVmLmpwZw.webp,https://cdr2.ximocrm.com/image-optimizer/resize:fit:1920:1080:0/aHR0cHM6Ly9tZWRpYXRvcGhvdXNlcnMueGltby5wdC8vaW1vdmVpcy80NjUvZTg3M2VjNWItM2RiNi00MmI4LTgxMGMtM2EzZDFmYmEzNGY5LmpwZw.webp,https://cdr1.ximocrm.com/image-optimizer/resize:fit:1920:1080:0/aHR0cHM6Ly9tZWRpYXRvcGhvdXNlcnMueGltby5wdC8vaW1vdmVpcy80NjUvNDI0MGRlYzItNThjZS00NzE0LWEwOTctZGNhMjgyOTcxN2JhLmpwZw.webp,"Geral
√Ågua Canali. Rede pr√≥pria, Electricidade, Roupeiros embutidos, √Åguas Pluviais, Esgotos;","Natureza
Mar, Praia, Vista para Mar, Vista para Praia;","Geral
Elevadores, Lugar de garagem;","Seguran√ßa
Port√£o garagem autom√°tico;",Sem informa√ß√£o dispon√≠vel
